StockCode,product_demand,avg_product_price,demand_tier
10002,823,0.85,1
10080,291,0.41190476190476194,1
10120,193,0.21,1
10123C,5,0.65,0
10124A,16,0.42000000000000004,0
10124G,17,0.42,0
10125,1226,0.7828125,2
10133,2384,0.5275,2
10135,1938,1.1976859504132231,2
11001,1252,1.851875,2
15030,143,0.29,1
15034,6419,0.13692307692307693,2
15036,21876,0.8050153846153846,2
15039,1559,0.8364788732394366,2
15044A,428,3.0168354430379747,1
15044B,307,2.9333333333333336,1
15044C,272,2.94344262295082,1
15044D,630,2.9613513513513516,1
15056BL,2779,5.8937113402061865,2
15056N,3826,5.864685863874345,2
15056P,769,5.941313868613139,1
15058A,148,7.8088235294117645,1
15058B,115,7.8621951219512205,0
15058C,193,6.35,1
15060B,411,3.820315789473684,1
16008,2892,0.13614285714285712,2
16010,30,0.12,0
16011,1773,0.21,2
16012,1244,0.21,2
16014,13328,0.4014814814814815,2
16015,662,0.48833333333333334,1
16016,1273,0.8460000000000001,2
16020C,6,0.85,0
16033,840,0.12,1
16043,98,0.12,0
16045,8900,0.043478260869565216,2
16046,67,0.85,0
16048,1437,0.13224489795918368,2
16049,504,0.24,1
16052,467,0.305,1
16054,1166,0.1290909090909091,2
16151A,49,1.25,0
16156L,475,0.42,1
16156S,5800,0.4168862275449102,2
16161G,700,0.1,1
16161M,25,0.42,0
16161P,7226,0.41943775100401604,2
16161U,4075,0.41955223880597015,2
16162L,17,0.65,0
16162M,26,0.42,0
16168M,329,0.42000000000000004,1
16169E,4563,0.41919999999999996,2
16169K,200,0.42,1
16169M,660,0.42,1
16169N,25,0.42,0
16169P,50,0.42,0
16202A,7,0.5,0
16202B,29,0.5,0
16202E,15,0.5,0
16206B,7,1.25,0
16207A,13,2.95,0
16207B,4,2.7866666666666666,0
16216,3316,0.09463414634146342,2
16218,3760,0.0732,2
16219,2915,0.09085106382978722,2
16225,762,1.1883116883116882,1
16235,2665,0.2139506172839506,2
16236,1296,0.20931506849315068,2
16237,4598,0.20615384615384613,2
16238,1261,0.23562499999999997,2
16244B,7,1.225,0
16248B,13,1.25,0
16254,31,1.0233333333333332,0
16258A,445,0.45921052631578946,1
16259,3380,0.0967741935483871,2
17001,72,0.29,0
17003,22963,0.3200956937799043,2
17007B,24,2.1,0
17011F,80,1.1333333333333335,0
17012A,270,1.1079999999999999,1
17012B,455,1.0763888888888888,1
17012C,363,1.1511363636363636,1
17012D,387,1.108695652173913,1
17012E,59,1.525,0
17012F,365,1.0035714285714286,1
17013D,532,0.8672727272727272,1
17014A,154,0.6071428571428571,1
17021,2427,0.2947368421052632,2
17028J,6,0.42,0
17038,1501,0.09526315789473684,2
17084A,200,0.21,1
17084J,225,0.21,1
17084N,1025,0.2084375,2
17084P,349,0.21,1
17084R,4032,0.20259259259259257,2
17090A,109,1.17,0
17090D,29,1.25,0
17091A,172,0.7815384615384615,1
17091J,2066,0.5476923076923077,2
17096,2516,0.20076923076923076,2
17107D,171,2.55,1
17109D,61,0.9039999999999999,0
17129F,427,0.8436842105263158,1
17136A,404,0.0995,1
17164B,29,0.42000000000000004,0
17165D,27,1.05,0
17174,9,0.42,0
17191A,4,3.75,0
18007,5856,0.16666666666666666,2
18094C,134,1.1966666666666665,0
18097A,5,2.55,0
18097C,673,2.5071428571428567,1
18098C,193,2.918421052631579,1
20615,231,1.4831428571428573,1
20616,134,1.3172,0
20617,66,2.224615384615385,0
20618,68,2.0707142857142857,0
20619,142,2.309090909090909,1
20622,163,1.9933333333333334,1
20652,150,1.4180555555555554,1
20653,33,1.6533333333333333,0
20654,105,1.2341666666666666,0
20655,89,1.31,0
20657,61,1.3513636363636363,0
20658,328,1.25,1
20659,95,1.540625,0
20661,9,4.654,0
20662,11,4.086,0
20663,3,3.896666666666667,0
20664,6,2.9500000000000006,0
20665,340,2.944520547945206,1
20666,4,2.95,0
20667,1,2.95,0
20668,12714,0.11851063829787233,2
20669,195,1.25,1
20670,8,3.896666666666667,0
20671,10,1.25,0
20674,1373,1.2517105263157895,2
20675,2729,1.2419026548672567,2
20676,4363,1.2438157894736843,2
20677,3159,1.2583482142857143,2
20678,4,1.65,0
20679,1630,5.920369003690038,2
20681,125,3.25,0
20682,1140,3.312950819672131,2
20684,78,3.25,0
20685,3901,7.75979274611399,2
20686,255,3.302,1
20694,36,3.75,0
20695,5,4.25,0
20696,32,3.75,0
20697,19,2.55,0
20698,16,2.55,0
20699,29,2.55,0
20700,10,3.75,0
20701,6,3.75,0
20702,128,4.25,0
20703,1,4.25,0
20704,211,4.77051282051282,1
20705,143,4.807142857142857,1
20707,155,1.5438709677419356,1
20711,4198,2.01331983805668,2
20712,8187,2.0361971830985914,2
20713,10466,2.0192874109263657,2
20716,314,1.2445714285714287,1
20717,2036,1.2759322033898306,2
20718,4264,1.2658717948717948,2
20719,9237,0.8454761904761905,2
20723,6847,0.86014,2
20724,12809,0.8493075898801596,2
20725,17897,1.658807896735004,2
20726,9115,1.6592636579572446,2
20727,11291,1.6438461538461537,2
20728,10820,1.656875631951466,2
20731,74,1.25,0
20733,918,0.8391836734693877,1
20735,158,0.8456666666666667,1
20748,53,12.75,0
20749,1719,7.790978260869565,2
20750,1712,7.749455040871935,2
20751,973,2.0958375634517767,2
20752,367,2.1,1
20754,1356,2.0898765432098765,2
20755,292,0.85,1
20756,63,0.85,0
20757,164,0.8736363636363635,1
20758,161,0.85,1
20759,64,0.85,0
20760,69,0.85,0
20761,110,3.8174545454545457,0
20762,101,3.8227450980392157,0
20763,71,3.6984,0
20764,128,3.9295161290322578,0
20765,96,3.96,0
20766,113,3.8824,0
20767,217,2.6216393442622947,1
20768,131,2.6029729729729727,0
20769,66,2.6426923076923075,0
20770,108,2.5344827586206895,0
20771,71,2.636071428571429,0
20772,218,2.592608695652174,1
20773,56,1.6499999999999997,0
20774,52,1.65,0
20775,64,1.65,0
20777,95,1.65,0
20778,15,1.65,0
20780,37,5.724736842105264,0
20781,32,4.874347826086956,0
20782,40,5.587777777777777,0
20785,14,39.15,0
20793,8,6.75,0
20794,85,2.5218749999999996,0
20795,44,2.1,0
20796,61,1.65,0
20798,36,2.1,0
20801,848,0.9405454545454546,1
20802,648,1.4686363636363635,1
20803,917,0.515625,1
20816,8,1.95,0
20818,12,2.5,0
20819,48,3.981875,0
20820,5,4.95,0
20821,16,4.95,0
20823,164,0.79,1
20826,276,0.8225,1
20827,88,0.39,0
20828,1012,2.540322580645161,2
20829,1265,2.1527810650887576,2
20830,75,2.1,0
20831,169,1.8645833333333333,1
20832,1034,0.5745614035087719,2
20835,66,0.83,0
20836,170,0.83,1
20837,141,0.9713333333333334,1
20838,330,0.9239393939393938,1
20839,452,0.9855102040816326,1
20840,464,0.9609090909090909,1
20845,19,6.35,0
20846,647,1.26,1
20847,46,3.75,0
20848,21,2.95,0
20851,9,5.95,0
20854,166,1.6388888888888888,1
20856,140,1.65,1
20857,32,1.65,0
20861,2,2.1,0
20866,409,1.3036842105263158,1
20867,187,1.2424,1
20868,381,0.567741935483871,1
20869,139,0.39,1
20878,25,1.25,0
20886,453,1.9462025316455696,1
20892,1,12.75,0
20893,259,2.4825,1
20894,25,2.95,0
20897,85,2.9000000000000004,0
20898,25,2.95,0
20901,4,6.349999999999999,0
20902,33,6.216666666666666,0
20903,20,6.35,0
20906,3,2.95,0
20910,8,6.349999999999999,0
20914,6170,2.9525,2
20931,263,3.114864864864865,1
20932,189,3.0090909090909093,1
20933,23,3.127777777777778,0
20934,54,5.45,0
20935,6,2.95,0
20936,92,3.0876923076923077,0
20941,61,1.25,0
20956,730,1.289672131147541,1
20961,1029,1.3151538461538461,2
20963,1102,1.326825396825397,2
20964,2,2.55,0
20966,589,1.2453658536585366,1
20967,257,3.75,1
20969,1876,3.8192664092664095,2
20970,1081,3.7809051724137928,2
20971,10225,1.269508547008547,2
20972,7131,1.2744545454545455,2
20973,4007,0.6654639175257732,2
20974,6734,0.6483498349834984,2
20975,6400,0.6490476190476191,2
20977,1597,1.2486896551724138,2
20978,1631,1.248972972972973,2
20979,3523,1.2443162393162395,2
20980,27,1.25,0
20981,1851,0.85,2
20982,2019,0.8494144144144143,2
20983,2652,0.84948,2
20984,3809,0.36318181818181816,2
20985,1017,1.2779166666666668,2
20986,462,1.3207936507936506,1
20992,4365,0.4600766283524904,2
20996,3057,0.2522872340425532,2
20997,15,4.95,0
20998,119,2.935714285714286,0
21000,46,4.25,0
21001,25,5.950000000000001,0
21002,13,4.25,0
21003,13,6.349999999999999,0
21011,18,1.45,0
21012,567,2.085180722891566,1
21014,1233,0.41,2
21015,1251,0.3229411764705882,2
21018,22,0.85,0
21025,100,1.465,0
21026,143,1.3392,1
21027,101,1.24,0
21028,116,1.52,0
21030,121,1.3026086956521739,0
21031,40,1.36,0
21032,65,1.476875,0
21033,922,2.318348623853211,1
21034,1893,0.95,2
21035,2319,3.2901777777777776,2
21038,77,1.1656521739130437,0
21039,510,2.7124675324675325,1
21040,22,1.67,0
21041,576,2.95,1
21042,303,5.950000000000001,1
21043,443,2.2948275862068965,1
21051,108,2.1845833333333333,0
21054,68,8.95,0
21055,146,9.498571428571427,1
21056,174,9.749393939393938,1
21058,1049,0.8641304347826086,2
21059,573,0.8500000000000001,1
21060,356,0.85,1
21061,412,0.8499999999999999,1
21062,501,0.85,1
21063,483,0.8692592592592592,1
21064,176,5.010000000000001,1
21065,487,4.347727272727273,1
21066,688,1.2347619047619047,1
21067,203,1.2456818181818183,1
21068,1535,1.2177777777777778,2
21069,1868,1.2353846153846153,2
21070,1033,1.3265822784810126,2
21071,849,1.2316363636363636,1
21078,2494,0.8504878048780488,2
21080,12313,0.8391102257636123,2
21084,2199,0.25754716981132075,2
21086,6589,0.6587837837837838,2
21087,126,0.466,0
21088,1576,0.257027027027027,2
21089,231,0.22833333333333336,1
21090,1672,0.46210084033613447,2
21094,7351,0.8289634146341462,2
21095,95,0.85,0
21096,1143,0.4482857142857143,2
21098,3176,1.3019565217391305,2
21100,43,1.65,0
21106,193,2.9042857142857144,1
21107,840,2.871212121212121,1
21108,10082,1.4016751269035532,2
21109,837,4.141780821917808,1
21110,775,5.4775,1
21111,789,2.1423076923076922,1
21112,1245,2.5917391304347825,2
21114,1352,1.3203007518796992,2
21115,523,5.82187969924812,1
21116,489,4.948644067796611,1
21117,115,1.5735294117647058,0
21121,6502,1.2466860465116278,2
21122,5257,1.2514285714285713,2
21123,975,1.2376470588235293,2
21124,3970,1.2475431034482758,2
21125,598,1.25,1
21126,488,1.2472463768115942,1
21128,47,6.9193750000000005,0
21129,45,8.2775,0
21131,93,3.8676470588235294,0
21132,35,3.875,0
21135,2708,1.6657738095238093,2
21136,4476,1.6926243093922653,2
21137,11406,3.660536277602524,2
21143,296,1.95,1
21145,122,1.25,0
21147,89,2.2800000000000002,0
21154,3187,1.2947014925373135,2
21155,2460,2.521052631578947,2
21156,3039,2.0006802721088435,2
21157,49,2.1,0
21158,1427,0.6156774193548388,2
21159,1109,0.6914678899082569,2
21161,131,1.45,0
21162,1416,0.6095714285714285,2
21163,1176,0.701764705882353,2
21164,1714,2.9382400000000004,2
21165,4027,1.672343324250681,2
21166,10209,2.038988580750408,2
21167,1260,0.21,2
21169,4281,1.6724719101123595,2
21171,424,1.4333333333333333,1
21172,3335,1.4867624020887726,2
21174,3926,2.069736842105263,2
21175,11993,2.465249643366619,2
21179,1785,0.7458620689655172,2
21181,11963,2.0726647966339415,2
21187,330,1.6385714285714283,1
21188,294,2.926470588235294,1
21189,165,1.65,1
21190,168,1.5928571428571427,1
21191,394,2.0813636363636365,1
21192,925,1.622093023255814,1
21194,437,0.9534883720930233,1
21195,417,1.8675,1
21196,89,1.65,0
21197,243,1.5246153846153847,1
21198,964,1.3807843137254903,2
21199,864,1.3948979591836734,1
21200,1010,1.5012820512820513,2
21201,1175,2.502,2
21202,449,1.4595238095238094,1
21204,419,1.65,1
21205,209,2.55,1
21206,1220,1.5487012987012987,2
21207,982,1.6290697674418604,2
21208,873,0.626140350877193,1
21209,1142,0.6794736842105262,2
21210,5680,1.4629076086956523,2
21211,816,1.4441176470588235,1
21212,33693,0.5482116104868914,2
21213,14309,0.5406849315068494,2
21215,868,0.5480303030303031,1
21216,1841,4.89872,2
21217,975,9.860852713178295,2
21218,2058,3.755631067961165,2
21219,323,1.3625581395348838,1
21220,239,1.394047619047619,1
21221,201,1.3004166666666668,1
21222,198,1.4728947368421053,1
21224,734,1.247710843373494,1
21226,9,1.25,0
21228,5,1.25,0
21231,5757,1.273341968911917,2
21232,10366,1.256424957841484,2
21238,3519,0.8476785714285714,2
21239,2574,0.8461764705882353,2
21240,3156,0.8410958904109589,2
21242,3074,1.674,2
21243,2113,1.6722818791946308,2
21244,2131,1.672162162162162,2
21245,1014,1.6962135922330097,2
21246,175,4.932051282051282,1
21248,187,1.4499999999999997,1
21249,672,2.9145569620253164,1
21250,92,2.926470588235294,0
21251,165,2.95,1
21253,66,2.8229411764705885,0
21257,489,7.981428571428572,1
21258,425,12.952358490566038,1
21259,1128,5.92744769874477,2
21260,1129,3.2376666666666667,2
21261,167,3.468518518518519,1
21262,268,2.95,1
21263,165,1.95,1
21264,256,1.95,1
21265,128,1.95,0
21268,2,0.42,0
21269,28,8.5,0
21270,14,12.75,0
21272,503,1.2512121212121212,1
21275,10,16.95,0
21277,23,21.302500000000002,0
21278,43,2.55,0
21279,65,2.55,0
21280,65,2.55,0
21281,35,2.55,0
21284,385,1.2026923076923077,1
21285,350,1.6400000000000001,1
21286,255,1.2577777777777777,1
21287,1788,0.508888888888889,2
21288,256,2.911904761904762,1
21289,443,1.25,1
21291,920,0.85,1
21292,865,0.8165384615384615,1
21293,101,2.2068421052631577,0
21294,1536,0.519,2
21306,487,0.5345945945945946,1
21307,79,1.2646153846153847,0
21310,1,29.95,0
21311,478,0.51625,1
21313,2843,0.8346564885496184,2
21314,3670,2.093670520231214,2
21316,149,1.654,1
21317,96,5.414285714285714,0
21318,680,0.8999999999999999,1
21319,147,1.2133333333333332,1
21320,186,1.595,1
21324,69,2.95,0
21326,10088,0.6395470383275261,2
21327,538,1.65,1
21328,760,1.6838144329896905,1
21329,589,1.688139534883721,1
21331,11,12.75,0
21332,14,10.55,0
21333,55,2.95,0
21336,8,2.9500000000000006,0
21340,928,12.191704545454545,1
21344,14,9.95,0
21348,139,2.79,1
21349,12,6.75,0
21351,101,6.701515151515152,0
21352,311,4.366216216216216,1
21354,753,1.2242857142857144,1
21355,777,1.2447368421052631,1
21356,304,1.1880000000000002,1
21357,19,1.25,0
21358,328,1.25,1
21359,127,8.283333333333333,0
21360,37,7.378571428571428,0
21361,91,12.716666666666667,0
21363,209,4.95,1
21364,25,6.75,0
21365,348,1.0999999999999999,1
21366,24,4.25,0
21367,163,1.56,1
21368,161,0.8693548387096774,1
21369,98,1.6346153846153846,0
21370,15,4.94,0
21371,275,1.0875,1
21372,67,1.3292000000000002,0
21373,507,0.75,1
21374,294,1.6875,1
21375,24,4.4,0
21376,33,4.61,0
21377,93,1.4510526315789474,0
21378,129,1.478181818181818,0
21379,147,1.1425,1
21380,2093,2.974340425531915,2
21381,1699,1.6883333333333335,2
21382,1045,1.6666666666666667,2
21383,772,0.65,1
21385,3564,0.8595412844036697,2
21386,713,0.44882352941176473,1
21389,1018,0.85,2
21390,3781,1.2636065573770492,2
21391,975,1.0,2
21392,32,1.3671428571428572,0
21393,29,1.45875,0
21394,3822,0.4419298245614035,2
21395,2812,0.39,2
21397,1016,0.5268181818181819,2
21398,1499,0.6691836734693878,2
21399,2047,0.5528571428571428,2
21400,837,0.1575,1
21401,1010,0.15050847457627117,2
21402,1290,0.12491803278688525,2
21403,1718,0.13183098591549294,2
21407,233,4.220744680851064,1
21408,225,4.047941176470588,1
21411,722,3.8792631578947367,1
21413,36,1.25,0
21414,1,2.1,0
21415,206,1.9771875,1
21416,5,3.75,0
21417,289,1.7725,1
21418,59,2.0084615384615385,0
21420,48,2.9219999999999997,0
21421,298,1.2353846153846153,1
21422,1560,0.9093478260869565,2
21424,227,2.8772727272727274,1
21425,67,2.9250000000000003,0
21426,213,2.0444444444444447,1
21427,77,2.1,0
21428,1099,4.181202185792349,2
21429,1616,1.8808035714285716,2
21430,2704,3.6949382716049386,2
21439,1322,1.2475641025641027,2
21441,376,0.7626315789473684,1
21442,389,0.7181081081081081,1
21445,214,1.25,1
21446,400,1.25,1
21447,749,1.25,1
21448,327,1.65,1
21452,745,2.9440740740740745,1
21454,318,0.8499999999999999,1
21455,271,0.85,1
21456,161,1.25,1
21457,115,1.25,0
21458,158,1.25,1
21459,75,1.9500000000000002,0
21460,26,1.9500000000000002,0
21461,9,1.95,0
21462,192,5.890298507462687,1
21463,644,5.793893129770993,1
21464,244,4.245098039215686,1
21465,193,3.808888888888889,1
21466,267,3.8954945054945056,1
21467,215,3.8451282051282054,1
21468,123,3.8983999999999996,0
21469,250,3.8022535211267603,1
21470,338,3.8467826086956523,1
21471,495,3.724468085106383,1
21472,119,3.75,0
21473,22,19.95,0
21476,31,14.949999999999998,0
21479,2702,4.019002557544757,2
21481,2925,3.3662273901808786,2
21484,1555,3.9062962962962966,2
21485,3335,4.958850364963504,2
21486,8,3.75,0
21488,3,3.95,0
21494,1228,1.3659701492537313,2
21495,5800,0.41769696969696973,2
21497,8600,0.4182758620689655,2
21498,10547,0.4180357142857143,2
21499,6925,0.41694444444444445,2
21500,6350,0.4169014084507042,2
21503,726,0.4165217391304348,1
21504,1884,0.41690721649484536,2
21506,4740,0.4185770750988142,2
21507,3206,0.4320100502512563,2
21508,2393,0.42753424657534245,2
21509,3581,0.4317241379310345,2
21518,265,0.41647058823529415,1
21519,3217,0.4178010471204188,2
21520,457,0.41818181818181815,1
21523,3088,7.865376884422111,2
21524,1662,7.964829268292683,2
21527,468,7.86304347826087,1
21528,179,6.927528089887641,1
21530,756,1.072857142857143,1
21531,1473,2.5075471698113208,2
21533,1317,4.884579439252336,2
21534,327,4.933969465648855,1
21535,2460,2.5345312499999997,2
21537,327,4.232758620689655,1
21538,5,3.75,0
21539,939,4.904418604651163,2
21544,1872,0.8447826086956521,2
21547,72,2.95,0
21555,55,2.55,0
21556,804,2.524468085106383,1
21557,300,3.2153846153846155,1
21558,1946,2.530363636363636,2
21559,3716,2.5573287671232876,2
21561,1227,2.563571428571428,2
21562,319,1.2272,1
21563,1358,2.7335820895522387,2
21564,1016,2.743009708737864,2
21576,177,2.367826086956522,1
21577,549,2.25,1
21578,586,2.25,1
21579,154,2.25,1
21580,90,2.25,0
21581,165,2.25,1
21584,1066,1.6487421383647798,2
21586,731,2.502272727272727,1
21587,197,2.5349999999999997,1
21588,1497,2.527173913043478,2
21591,1187,1.2487662337662337,2
21592,2151,1.1298222222222223,2
21609,761,2.9233333333333333,1
21613,221,2.9394736842105265,1
21614,48,2.95,0
21615,840,1.6826923076923077,1
21616,755,1.6898148148148149,1
21617,473,2.2625,1
21618,303,1.9827586206896552,1
21619,900,1.61,1
21620,811,1.7461832061068703,1
21621,2540,8.505348258706467,2
21622,364,4.942553191489362,1
21623,3255,9.767211538461538,2
21624,204,5.926470588235294,1
21625,307,6.993898305084746,1
21626,742,1.95,1
21627,38,14.949999999999998,0
21628,44,14.691176470588236,0
21629,53,7.875925925925926,0
21630,54,8.813636363636363,0
21631,155,7.25,1
21632,60,3.95,0
21633,87,10.235714285714286,0
21634,948,0.5769565217391304,2
21635,270,1.9166666666666667,1
21636,917,0.7961538461538462,1
21637,109,1.25,0
21638,235,2.1,1
21640,541,0.8475471698113208,1
21641,1102,0.4791304347826087,2
21642,2452,0.3743010752688172,2
21643,490,1.2377419354838708,1
21644,215,1.25,1
21647,117,2.1,0
21648,654,1.2384848484848483,1
21650,2197,0.24411764705882355,2
21651,131,1.6136363636363635,0
21654,946,0.6444,2
21655,36,1.69,0
21656,117,1.45,0
21657,28,6.95,0
21658,773,3.9010769230769236,1
21661,3,5.95,0
21662,74,5.91875,0
21664,97,3.7310526315789474,0
21666,384,0.65,1
21667,2,14.95,0
21668,5035,1.3062390670553936,2
21669,4969,1.3257650273224044,2
21670,4004,1.300304054054054,2
21671,4080,1.2877816901408452,2
21672,4564,1.2923492063492064,2
21673,3994,1.3009473684210526,2
21675,525,0.9375,1
21676,211,1.09375,1
21677,766,0.916625,1
21678,104,0.85,0
21679,1054,0.8485057471264367,2
21680,804,0.85,1
21681,2,9.95,0
21682,177,5.0502,1
21683,297,2.9500000000000006,1
21684,764,0.8878378378378379,1
21686,33,39.672222222222224,0
21688,316,2.95,1
21689,92,3.75,0
21690,24,3.75,0
21692,17,3.75,0
21693,358,2.95,1
21694,303,2.91,1
21695,283,2.95,1
21696,226,2.95,1
21698,266,0.49454545454545457,1
21700,1266,0.85,2
21703,9272,0.4274898785425101,2
21704,5004,0.8637878787878788,2
21705,1377,1.5144642857142858,2
21706,229,5.074927536231884,1
21707,120,5.148297872340425,0
21708,139,4.907575757575758,1
21709,87,5.089032258064516,0
21710,84,5.066451612903226,0
21711,86,4.889130434782609,0
21713,701,2.098076923076923,1
21714,1085,1.25,2
21715,1141,2.5176258992805756,2
21716,1206,2.552302158273381,2
21717,405,2.5026315789473683,1
21718,1289,1.2666896551724136,2
21719,301,0.85,1
21720,57,0.85,0
21721,175,0.85,1
21722,65,0.85,0
21723,371,0.85,1
21724,372,0.85,1
21725,274,0.85,1
21726,231,0.85,1
21730,498,4.929416666666667,1
21731,12871,1.6594953271028037,2
21733,7759,2.948390804597701,2
21735,210,12.535975609756099,1
21736,80,1.8150000000000002,0
21738,45,2.95,0
21739,143,2.8813999999999997,1
21741,131,2.95,0
21742,193,5.95,1
21743,275,2.9250000000000003,1
21744,367,3.1866666666666665,1
21745,929,3.7779425837320577,2
21746,2974,1.2572192513368983,2
21747,437,1.2407142857142857,1
21749,1900,2.074299065420561,2
21750,78,2.1,0
21754,2654,6.017971830985916,2
21755,1946,6.015879310344828,2
21756,792,6.034296875,1
21757,6,4.95,0
21758,32,6.414285714285714,0
21761,10,29.95,0
21763,6,27.4625,0
21769,11,66.36,0
21770,1577,4.944215116279071,2
21773,920,1.0779661016949154,1
21774,835,1.150576923076923,1
21775,283,1.2297560975609756,1
21777,7,7.95,0
21781,138,14.86951219512195,1
21784,51,9.95,0
21785,411,0.8099999999999999,1
21786,1589,0.4553125,2
21787,8755,0.8633333333333333,2
21788,1203,0.8526086956521739,2
21789,799,0.8581690140845071,1
21790,13336,0.8515353260869566,2
21791,7143,1.2709164969450102,2
21792,331,4.59,1
21793,296,4.293582089552239,1
21794,501,4.395913978494623,1
21801,457,0.42,1
21802,1000,0.42,2
21803,1138,0.42,2
21804,178,3.7236585365853654,1
21807,415,0.42,1
21808,100,3.6363636363636362,0
21809,1859,0.7438461538461538,2
21810,5305,0.5667724867724868,2
21811,4332,0.644251497005988,2
21812,218,4.901162790697675,1
21813,250,4.898780487804878,1
21814,75,1.45,0
21815,132,1.45,0
21816,34,1.45,0
21817,908,0.5031147540983607,1
21818,2699,0.5145121951219512,2
21819,2465,0.49124031007751934,2
21820,291,3.791746031746032,1
21821,223,3.732439024390244,1
21822,615,1.0282089552238807,1
21823,1196,0.7479220779220779,2
21824,1450,0.5964935064935065,2
21826,93,1.25,0
21827,6,1.25,0
21828,314,1.25,1
21829,6462,0.2122222222222222,2
21830,2599,0.43782608695652175,2
21832,785,1.7306557377049179,1
21833,2628,1.6816666666666664,2
21836,3,3.75,0
21839,1,5.45,0
21841,73,4.25,0
21843,1809,10.862765957446808,2
21844,1814,2.902941176470588,2
21845,1907,1.0974698795180724,2
21846,72,5.616666666666667,0
21847,9,4.95,0
21849,52,5.083600000000001,0
21850,61,4.918181818181818,0
21851,26,5.617999999999999,0
21864,610,2.075151515151515,1
21865,223,2.088611111111111,1
21866,537,1.3015454545454543,1
21867,266,1.2753409090909091,1
21868,2346,1.3348510638297872,2
21870,1357,1.247304964539007,2
21871,5265,1.3763272727272728,2
21872,1269,1.3554032258064515,2
21873,1586,1.2783516483516484,2
21874,2852,1.3477040816326529,2
21875,2000,1.3656249999999999,2
21876,3548,1.3853,2
21877,5347,1.418294314381271,2
21878,2397,0.8524840764331211,2
21879,1027,0.4628813559322034,2
21880,1458,0.5488000000000001,2
21881,975,0.5708888888888889,2
21882,600,0.5265853658536586,1
21883,1368,0.5566666666666668,2
21884,1017,0.5036363636363637,2
21888,1553,3.8331560283687947,2
21889,5778,1.2799356223175966,2
21890,1075,3.238666666666667,2
21891,7919,1.3947486033519554,2
21892,2914,1.296360655737705,2
21894,476,1.3145333333333333,1
21895,1,4.25,0
21896,949,2.1059782608695654,2
21897,402,2.88,1
21898,445,3.0157142857142856,1
21899,2605,0.6795535714285714,2
21900,3087,0.6854074074074075,2
21901,1746,0.6776229508196722,2
21902,1915,0.6779041916167665,2
21903,1129,2.236322580645161,2
21904,51,2.1,0
21905,685,1.2900900900900902,1
21906,483,6.732736842105263,1
21907,2294,2.113072289156627,2
21908,3635,2.140183727034121,2
21910,36,1.65,0
21911,105,1.65,0
21912,1575,3.8390405904059044,2
21913,305,3.8293258426966292,1
21914,7434,1.2807020872865273,2
21915,20975,1.261146384479718,2
21916,4363,0.43215686274509807,2
21917,4095,0.4274074074074074,2
21918,7013,0.42713286713286713,2
21922,759,7.950236686390532,1
21925,403,1.25,1
21926,414,1.2468333333333335,1
21927,622,1.2480808080808081,1
21928,9704,2.034790528233151,2
21929,9889,2.0409405940594056,2
21930,5706,2.027713097713098,2
21931,11516,2.028888888888889,2
21932,2467,1.8524464831804281,2
21933,2410,1.8428571428571427,2
21934,1288,1.6458041958041958,2
21935,1763,1.6440487804878048,2
21936,3758,2.9493814432989693,2
21937,1591,2.926923076923077,2
21942,161,0.83,1
21943,57,0.85,0
21944,232,0.7688235294117647,1
21945,225,0.8346666666666667,1
21946,72,0.8081818181818182,0
21947,596,1.357840909090909,1
21948,418,1.4012499999999999,1
21949,613,1.305084745762712,1
21955,1159,7.759430379746836,2
21967,5166,0.32366666666666666,2
21972,292,1.45,1
21973,159,1.45,1
21974,2036,1.494061135371179,2
21975,12134,0.5584098939929328,2
21976,4967,0.552318339100346,2
21977,24264,0.551399416909621,2
21980,6523,0.3281349206349206,2
21981,5295,0.3362051282051282,2
21982,7346,0.341070110701107,2
21983,2223,0.352258064516129,2
21984,3309,0.3540740740740741,2
21985,8569,0.3338227146814404,2
21986,3985,0.33987261146496817,2
21987,2050,0.6476315789473684,2
21988,2194,0.8401342281879194,2
21989,2068,0.8465402843601896,2
21990,1219,1.5017204301075269,2
21991,471,1.5112621359223302,1
21992,1163,1.5286574074074073,2
21993,1366,1.5189622641509433,2
22021,350,1.65,1
22023,1143,0.4295348837209302,2
22024,2304,0.4283969465648855,2
22025,1776,0.4152808988764045,2
22026,1572,0.41821782178217815,2
22027,4165,0.424377358490566,2
22028,2915,0.4309090909090909,2
22029,7858,0.42345088161209066,2
22030,5361,0.41922448979591836,2
22031,363,0.47125,1
22032,361,0.42,1
22033,336,0.42000000000000004,1
22034,3,0.42,0
22035,1406,0.4265909090909091,2
22037,3795,0.420648854961832,2
22038,475,0.42,1
22039,250,0.42,1
22040,725,0.42,1
22041,3812,2.492964824120603,2
22042,372,0.42,1
22043,1188,0.23674418604651162,2
22044,816,0.2602777777777778,1
22045,6502,0.4186473429951691,2
22046,2250,0.4189333333333333,2
22047,3400,0.4179439252336449,2
22048,975,0.4175,2
22049,1025,0.26187499999999997,2
22050,1225,0.418,2
22051,1000,0.42000000000000004,2
22052,571,0.42,1
22053,4236,1.2261538461538461,2
22055,1248,1.4559459459459458,2
22057,578,1.2457142857142858,1
22059,1749,1.3008496732026145,2
22060,233,5.2081081081081075,1
22061,565,8.997230769230768,1
22062,559,1.1427868852459016,1
22063,544,2.7180898876404496,1
22064,1608,1.6367052023121387,2
22065,6440,0.6127932960893855,2
22066,2248,0.6111428571428572,2
22067,389,1.522549019607843,1
22068,437,1.4128235294117646,1
22069,220,1.4238461538461538,1
22070,874,3.894186046511628,1
22071,711,3.6298666666666666,1
22072,813,3.453108108108108,1
22073,300,3.7059183673469387,1
22074,1001,1.2164935064935065,2
22075,1565,1.5195999999999998,2
22076,1035,1.4310526315789474,2
22077,8605,1.7783355525965379,2
22078,1300,2.093421052631579,2
22079,1715,1.6984120171673818,2
22080,1182,1.6469465648854962,2
22081,595,1.7401098901098901,1
22082,2558,1.6814772727272727,2
22083,4307,2.9532142857142856,2
22084,4893,2.9071801566579634,2
22085,507,2.9283783783783788,1
22086,15617,2.9372031403336605,2
22087,3779,2.880566037735849,2
22088,1698,2.905555555555556,2
22089,1190,2.934699453551913,2
22090,6879,2.904694589877836,2
22091,1945,0.5468888888888889,2
22092,668,0.505,1
22093,1828,0.517,2
22094,2087,0.5678571428571428,2
22095,1578,0.6526315789473685,2
22096,1364,0.5168644067796611,2
22097,1591,0.5314473684210527,2
22098,1957,0.669271523178808,2
22099,1405,0.6098496240601504,2
22100,729,0.648,1
22101,837,1.9366666666666668,1
22102,1533,1.51,2
22103,1165,1.478235294117647,2
22104,151,1.3641666666666667,1
22105,506,3.59,1
22106,286,5.566666666666666,1
22107,293,3.532972972972973,1
22108,101,2.855,0
22109,1383,3.8364417177914114,2
22110,618,2.577361963190184,1
22111,4259,4.90327868852459,2
22112,5160,4.873865546218488,2
22113,3156,4.029555555555556,2
22114,3736,4.212192307692308,2
22115,1495,1.5037297297297296,2
22116,505,1.2240000000000002,1
22117,1290,2.785416666666667,2
22118,219,4.2385,1
22119,348,6.15509090909091,1
22120,505,9.866823529411764,1
22121,333,6.062413793103448,1
22123,443,2.139189189189189,1
22124,79,2.31625,0
22125,4,5.95,0
22127,402,1.2409523809523808,1
22128,1729,1.2368055555555555,2
22129,992,0.9664864864864864,2
22130,1505,0.8485714285714285,2
22131,1890,2.0374736842105263,2
22132,935,0.8562650602409638,2
22133,702,0.8738333333333334,1
22134,637,0.46210526315789474,1
22135,262,0.46183673469387754,1
22136,334,1.6462264150943395,1
22137,68,2.913636363636364,0
22138,4797,4.988742791234141,2
22139,4248,4.997995198079232,2
22141,2448,2.1459722222222224,2
22142,3073,1.4962462462462462,2
22144,3468,2.1472311212814645,2
22145,30,2.1,0
22146,1,1.95,0
22147,6127,1.4642163355408389,2
22148,1819,1.937272727272727,2
22149,5890,2.1034249471458777,2
22150,2923,1.9640435835351089,2
22151,14877,0.4297979797979798,2
22152,2351,0.431734693877551,2
22153,2459,0.41870967741935483,2
22154,3532,0.4194915254237288,2
22155,2203,0.42,2
22156,1875,0.8663522012578616,2
22157,212,0.85,1
22158,2895,2.975777777777778,2
22161,4143,0.23285714285714285,2
22162,106,2.95,0
22163,626,1.3829411764705883,1
22164,71,2.9500000000000006,0
22165,267,10.328947368421053,1
22166,122,7.6375,0
22167,121,9.848305084745762,0
22168,139,8.488666666666667,1
22169,1075,8.388641114982578,2
22170,1023,6.747155555555555,2
22171,1723,8.363668831168832,2
22173,2151,3.066608187134503,2
22174,2688,1.7254494382022472,2
22175,841,2.9414893617021276,1
22176,489,2.946039603960396,1
22178,22433,1.4312121212121212,2
22179,796,6.733186813186814,1
22180,303,9.917045454545454,1
22181,577,0.8471739130434782,1
22182,206,4.463157894736842,1
22183,74,6.435294117647059,0
22184,8,8.5,0
22185,1428,1.5903076923076922,2
22186,801,2.3194117647058823,1
22187,1183,2.560612244897959,2
22188,4844,3.798802395209581,2
22189,8195,3.8768627450980393,2
22190,566,1.8186538461538464,1
22191,1426,8.461845386533666,2
22192,907,8.483816568047338,1
22193,1352,8.497350835322196,2
22194,53,8.5,0
22195,1699,1.7345614035087717,2
22196,2385,0.8700772200772201,2
22197,49183,0.8392883895131086,2
22198,873,1.6273584905660377,1
22199,384,3.775252525252525,1
22200,326,3.886883116883117,1
22201,108,3.7875,0
22202,39,3.75,0
22203,310,3.556813186813187,1
22204,96,3.346774193548387,0
22207,1200,4.437017543859649,2
22208,1289,0.9875714285714285,2
22209,825,0.9900793650793651,1
22210,914,0.9644666666666666,1
22211,783,0.9874999999999999,1
22212,1422,2.1096212121212123,2
22214,114,2.3823809523809523,0
22215,330,7.41123595505618,1
22216,327,0.7144999999999999,1
22217,765,0.9986153846153846,1
22218,1,4.25,0
22219,3372,0.8608333333333332,2
22220,214,8.418,1
22221,124,9.121590909090909,0
22222,824,4.307046979865772,1
22223,315,4.096511627906977,1
22224,688,2.9055555555555554,1
22227,1969,0.6648351648351648,2
22228,852,0.6982978723404255,1
22229,495,0.6703125,1
22230,926,0.5445454545454546,1
22231,869,0.9386486486486486,1
22232,623,0.9027868852459017,1
22233,541,1.0218518518518518,1
22236,308,12.525,1
22241,1788,1.2477647058823529,2
22242,631,1.6277777777777775,1
22243,3055,1.6319819819819819,2
22244,1617,1.925257731958763,2
22245,1199,0.8432758620689654,2
22246,278,2.192222222222222,1
22247,485,0.8478688524590163,1
22248,383,0.8472340425531915,1
22249,645,0.8484883720930232,1
22250,449,0.8477966101694915,1
22251,520,1.2474666666666667,1
22252,650,1.236619718309859,1
22254,594,1.2453658536585366,1
22255,542,0.85,1
22256,262,1.25,1
22257,283,1.1577777777777778,1
22258,722,1.1347222222222222,1
22259,384,1.0547058823529412,1
22260,410,0.9124,1
22261,520,0.8894936708860759,1
22262,924,0.8660824742268041,1
22263,256,0.8671428571428572,1
22264,1393,0.67,2
22265,514,0.65,1
22266,1861,0.46279069767441866,2
22267,828,0.9683116883116883,1
22268,1838,0.5742574257425742,2
22269,841,0.9306741573033708,1
22270,211,3.7419999999999995,1
22271,1653,2.967186311787072,2
22272,194,2.9414893617021276,1
22273,4469,2.967033333333333,2
22274,1301,2.9876470588235295,2
22275,69,7.65,0
22276,253,2.55,1
22277,355,2.224920634920635,1
22278,244,4.95,1
22279,480,1.27,1
22280,177,1.3634375,1
22281,109,5.95,0
22282,111,12.91265625,0
22283,258,8.016440677966102,1
22284,901,1.65,1
22285,834,1.65,1
22286,1051,1.1121951219512196,2
22287,750,1.1588135593220337,1
22288,453,1.25,1
22289,126,1.25,0
22291,1243,1.45,2
22292,1088,1.4478947368421051,2
22293,821,1.4499999999999997,1
22294,5439,1.245632183908046,2
22295,2737,1.6686425339366515,2
22296,3055,1.6587323943661971,2
22297,3863,1.2571551724137933,2
22299,1316,1.0452380952380953,2
22300,1450,2.534041095890411,2
22301,2118,2.5203783783783784,2
22302,2288,2.5199479166666667,2
22303,2770,2.519177489177489,2
22304,744,2.6112499999999996,1
22305,684,2.693863636363636,1
22306,1138,1.146504854368932,2
22307,729,1.162741935483871,1
22308,145,2.8052777777777775,1
22309,293,2.645909090909091,1
22310,531,1.7896226415094338,1
22311,1054,3.1492,2
22312,503,3.0138775510204083,1
22313,553,2.8417857142857144,1
22314,517,3.0381250000000004,1
22315,761,1.2468852459016393,1
22316,638,1.2364285714285714,1
22317,172,3.072,1
22318,396,2.941111111111111,1
22319,1346,0.5696825396825397,2
22320,183,6.1146376811594205,1
22321,760,0.85,1
22322,390,0.85,1
22323,1,1.95,0
22324,228,2.4486666666666665,1
22325,153,4.9381355932203395,1
22326,8100,2.9357471264367816,2
22327,832,2.9407514450867054,1
22328,6481,2.9280042462845013,2
22329,1387,1.6395424836601307,2
22331,1768,1.656153846153846,2
22332,982,1.6438931297709922,2
22333,4391,1.6341176470588235,2
22334,684,1.663478260869565,1
22335,2024,0.6597744360902256,2
22336,2283,0.439811320754717,2
22337,635,0.6870370370370371,1
22338,4179,0.3147933884297521,2
22339,2283,0.26854545454545453,2
22340,993,0.44682539682539685,2
22341,405,1.8002439024390244,1
22342,833,0.9826923076923078,1
22343,1705,0.55046875,2
22344,1049,0.577659574468085,2
22345,972,0.5409090909090909,2
22346,885,0.5444117647058823,1
22348,3863,0.8665637065637065,2
22349,1341,3.762327586206897,2
22350,1356,2.5531460674157302,2
22351,12,1.65,0
22352,2853,2.5546525679758307,2
22353,61,2.55,0
22354,700,3.8087692307692307,1
22355,8975,0.8513021702838064,2
22356,7306,0.8615090543259558,2
22357,324,4.2058620689655175,1
22358,456,2.996725663716814,1
22359,162,2.995079365079365,1
22360,886,3.012666666666667,1
22361,539,2.9373015873015875,1
22362,349,3.015185185185185,1
22363,454,2.970666666666667,1
22364,519,2.9956565656565655,1
22365,730,7.865118110236221,1
22366,722,7.803141025641025,1
22367,3543,1.9839168490153172,2
22371,830,4.364409448818898,1
22372,221,4.318118811881188,1
22374,448,4.262201257861635,1
22375,253,4.234848484848484,1
22376,193,4.290470588235294,1
22377,1038,1.9532380952380952,2
22378,1685,1.8362857142857143,2
22379,6088,2.1248067632850245,2
22380,1156,2.128,2
22381,3169,2.1243389830508477,2
22382,9912,1.655674603174603,2
22383,11722,1.6513296398891966,2
22384,10254,1.6517136886102401,2
22385,8236,2.0364681724845997,2
22386,20165,2.0186067415730338,2
22389,329,1.9886111111111109,1
22390,261,2.3629032258064515,1
22391,146,1.5977777777777777,1
22393,487,1.9869999999999999,1
22394,160,1.61375,1
22395,134,1.3153333333333335,0
22396,1182,0.6361607142857143,2
22398,2545,0.6361637931034483,2
22399,1130,1.2390804597701148,2
22400,1393,0.5756578947368421,2
22402,1705,0.6228859060402685,2
22403,1223,0.5827906976744186,2
22405,347,1.127142857142857,1
22406,319,1.215625,1
22407,94,1.22875,0
22408,137,1.1904347826086956,1
22409,216,1.25,1
22410,223,1.1454347826086957,1
22411,10518,2.0374844333748445,2
22412,877,2.0935897435897437,1
22413,3690,2.964385474860335,2
22414,253,8.289,1
22415,19,7.950000000000001,0
22416,850,1.4436507936507936,1
22417,8103,0.5527619047619048,2
22418,6267,0.8724691358024691,2
22419,2812,0.44638554216867465,2
22420,1199,0.47712643678160915,2
22421,1925,0.4565853658536585,2
22422,971,0.6605194805194805,2
22423,12402,12.483401044689495,2
22424,713,12.658780487804878,1
22425,434,4.960709219858156,1
22426,660,3.662328767123288,1
22427,1995,5.911252796420581,2
22428,221,7.015,1
22429,1193,4.259353846153846,2
22430,544,4.928915662650603,1
22431,1981,1.9705017921146952,2
22432,1648,1.9490833333333333,2
22433,1341,1.950418848167539,2
22434,779,1.9687931034482757,1
22435,2680,1.2557918552036198,2
22436,2110,0.6624137931034483,2
22437,2727,0.8477840909090909,2
22438,900,1.5072972972972971,1
22439,1768,0.689877300613497,2
22440,5897,0.4175342465753425,2
22441,994,2.0971098265895955,2
22442,292,6.295945945945946,1
22443,153,7.95,1
22444,763,1.2444117647058823,1
22445,472,3.0556,1
22446,161,3.2551219512195124,1
22447,75,3.0875,0
22448,187,3.199411764705882,1
22449,365,3.3255056179775284,1
22450,184,3.3425925925925926,1
22451,202,3.33974358974359,1
22452,388,2.8935294117647063,1
22453,334,2.9244680851063833,1
22454,228,2.918421052631579,1
22456,1452,4.888235294117647,2
22457,8480,2.975061224489796,2
22458,513,2.57,1
22459,375,2.529333333333333,1
22460,2381,1.2861585365853658,2
22461,231,7.7411111111111115,1
22464,3200,1.5931578947368419,2
22465,1965,1.531963190184049,2
22466,2929,1.9276315789473684,2
22467,7688,2.4994880546075082,2
22468,467,6.758103448275863,1
22469,16775,1.6394923857868018,2
22470,9591,2.956837606837607,2
22471,360,4.361384615384615,1
22472,293,4.763658536585366,1
22473,437,4.238607594936709,1
22474,244,4.597469879518073,1
22475,281,4.642857142857143,1
22476,811,4.960126582278481,1
22477,1290,1.2564788732394365,2
22478,1417,1.255974025974026,2
22479,1078,1.2585185185185184,2
22480,613,1.2444117647058823,1
22481,694,1.0448275862068965,1
22482,448,1.2420833333333332,1
22483,726,2.98044776119403,1
22485,462,12.629999999999999,1
22486,52,7.904000000000001,0
22487,724,9.77028947368421,1
22488,2911,1.6542307692307692,2
22489,9314,0.43211180124223597,2
22491,3910,0.8557635467980296,2
22492,26076,0.656523076923077,2
22493,2354,1.700222222222222,2
22494,890,1.3484873949579832,1
22495,242,2.59,1
22496,243,2.672285714285714,1
22497,178,4.25,1
22498,229,5.95,1
22499,1734,5.945016722408027,2
22500,240,4.045555555555556,1
22501,1194,9.779806949806948,2
22502,1488,11.197489539748956,2
22503,64,23.95,0
22504,160,22.50897435897436,1
22505,1365,4.924776119402986,2
22507,2786,4.937327586206897,2
22508,1516,3.8366249999999997,2
22509,205,11.571951219512195,1
22510,210,2.439047619047619,1
22511,245,2.3329166666666667,1
22512,118,2.682424242424242,0
22513,135,3.7803846153846155,0
22514,261,2.0967105263157895,1
22515,237,2.096031746031746,1
22516,171,2.0943181818181817,1
22517,186,2.095689655172414,1
22518,333,2.0824561403508772,1
22519,370,2.0846153846153848,1
22520,705,0.85,1
22521,607,0.85,1
22522,923,0.8489516129032257,1
22523,844,0.85,1
22524,592,1.247121212121212,1
22525,458,1.246346153846154,1
22526,112,12.72313432835821,0
22529,816,0.4180645161290322,1
22530,3514,0.41612903225806447,2
22531,3293,0.41963855421686747,2
22532,1063,0.4133823529411765,2
22533,1745,0.41126582278481016,2
22534,4331,0.41739130434782606,2
22535,1716,0.4149557522123894,2
22536,4721,0.4129054054054054,2
22537,1818,0.42,2
22538,387,0.41148148148148145,1
22539,2824,0.40399999999999997,2
22540,2451,0.41215384615384615,2
22541,466,0.4254545454545454,1
22543,1436,0.3780487804878049,2
22544,4414,0.41078125,2
22545,1089,0.4008333333333333,2
22546,2065,0.39899999999999997,2
22547,738,0.43764705882352944,1
22548,1873,1.2590760869565216,2
22549,2992,1.5164,2
22550,1102,3.83,2
22551,7664,1.657070707070707,2
22553,4036,1.646551724137931,2
22554,7307,1.6501322314049585,2
22555,5885,1.6487852494577004,2
22556,5952,1.658210922787194,2
22557,4573,1.6781124497991966,2
22558,8418,1.5954783950617282,2
22559,387,1.3643589743589744,1
22560,8014,1.2727893175074185,2
22561,5695,1.6561764705882351,2
22562,1398,1.2646428571428572,2
22563,2785,1.25587786259542,2
22564,2673,1.2601764705882352,2
22565,818,0.9209090909090909,1
22566,834,0.8940322580645161,1
22567,2368,1.354375,2
22568,3284,3.785610328638498,2
22569,2698,3.737209302325582,2
22570,3018,3.7373573573573573,2
22571,2207,0.8464864864864865,2
22572,1265,0.8480451127819548,2
22573,2445,0.9083333333333332,2
22574,2124,0.8979374999999999,2
22575,622,1.938607594936709,1
22576,1419,0.891,2
22577,9784,0.42291666666666666,2
22578,9630,0.37940397350993377,2
22579,4808,0.40499999999999997,2
22580,836,6.083333333333333,1
22581,1090,0.7429807692307692,2
22582,1029,2.5691139240506327,2
22583,529,2.55,1
22584,2241,2.5819230769230765,2
22585,6062,1.2588529411764706,2
22586,796,0.85,1
22587,845,0.85,1
22588,605,2.9463503649635037,1
22589,323,3.1558620689655172,1
22591,374,3.7039682539682537,1
22592,506,3.926153846153846,1
22593,2049,0.9085915492957746,2
22594,1744,0.9222222222222223,2
22595,6516,0.8587837837837838,2
22596,3290,1.1660833333333334,2
22597,2534,0.49991869918699183,2
22598,815,0.4681481481481481,1
22599,1489,0.47901408450704225,2
22600,1540,0.8921379310344827,2
22601,2238,0.8981168831168831,2
22602,1962,0.8607734806629833,2
22603,1295,0.8896946564885496,2
22604,1173,2.535614035087719,2
22605,709,14.353443983402489,1
22606,305,15.215185185185183,1
22607,1269,9.776254071661237,2
22608,4933,0.20811764705882355,2
22609,5636,0.27347107438016527,2
22610,9146,0.2291907514450867,2
22611,219,4.898780487804878,1
22613,1488,0.8474782608695651,2
22614,2957,0.3462285714285714,2
22615,2024,0.33285714285714285,2
22616,25345,0.3261209068010075,2
22617,2153,5.038665105386418,2
22618,66,9.8916,0
22619,2297,3.8682658959537575,2
22620,4491,1.430186170212766,2
22621,5895,1.6413243761996161,2
22622,1295,11.122554112554113,2
22623,920,5.8308144796380095,1
22624,1783,8.582519685039369,2
22625,1476,8.442373626373627,2
22626,504,8.507150537634407,1
22627,792,8.470814332247556,1
22628,775,4.9325,1
22629,13919,1.9311666666666667,2
22630,11336,1.950880503144654,2
22631,3375,1.94,2
22632,4394,2.0768279569892476,2
22633,4746,2.083127659574468,2
22634,731,9.71298076923077,1
22635,657,9.79065934065934,1
22636,565,8.425274725274726,1
22637,2619,2.528421052631579,2
22638,255,2.246052631578947,1
22639,763,2.4770992366412212,1
22640,186,2.3838095238095236,1
22641,112,2.4058333333333333,0
22642,253,2.2315555555555555,1
22643,185,2.056875,1
22644,2052,1.3378947368421052,2
22645,1757,1.4058649789029536,2
22646,3927,1.3885915492957748,2
22647,721,0.9299999999999999,1
22649,751,4.929041916167664,1
22650,800,1.4425925925925924,1
22651,1992,0.8942553191489362,2
22652,4864,1.6593233082706764,2
22653,1072,1.9391803278688524,2
22654,1058,6.070892857142858,2
22655,60,143.42105263157896,0
22656,26,146.75,0
22659,11094,1.9271077504725898,2
22660,327,7.934782608695652,1
22661,5085,0.8455300859598853,2
22662,6545,1.6559283387622148,2
22663,3097,2.0554088050314467,2
22664,642,2.1175490196078433,1
22665,1219,2.98,2
22666,7373,2.9624199288256228,2
22667,2870,2.921806167400881,2
22668,1965,2.973961352657005,2
22669,1027,2.9428143712574855,2
22670,1754,1.2654028436018958,2
22671,919,1.709230769230769,1
22672,1382,1.65775,2
22673,772,1.2680530973451327,1
22674,1274,1.2543243243243243,2
22675,1176,1.302265625,2
22676,1040,1.2754999999999999,2
22677,874,1.2601769911504426,1
22678,751,1.2729126213592235,1
22679,647,1.2756521739130435,1
22680,745,1.2729126213592235,1
22681,627,1.278433734939759,1
22682,618,1.264375,1
22683,575,1.2795,1
22684,464,1.2490163934426228,1
22685,543,1.249142857142857,1
22686,859,1.2554794520547945,1
22687,568,8.836,1
22688,700,7.9585185185185185,1
22689,614,8.764513274336283,1
22690,1597,7.8726515151515155,2
22691,344,7.940520833333333,1
22692,1378,7.917117647058824,2
22693,15940,1.2353974895397488,2
22694,1612,2.096794871794872,2
22695,695,1.333469387755102,1
22696,694,1.9887692307692308,1
22697,6430,2.9422670375521562,2
22698,5343,2.9354109589041095,2
22699,9132,2.923483146067416,2
22700,1194,2.3787755102040817,2
22701,436,2.240754716981132,1
22702,1357,1.7930232558139536,2
22703,168,1.61,1
22704,5275,0.41908045977011493,2
22705,1900,0.42,2
22706,2050,0.41884057971014493,2
22707,1250,0.42,2
22708,2775,0.41919191919191917,2
22709,1325,0.41641025641025636,2
22710,4425,0.41619999999999996,2
22711,2852,0.4192079207920792,2
22712,4319,0.43537037037037035,2
22713,3309,0.4214193548387096,2
22714,3367,0.4206451612903226,2
22715,1506,0.4181632653061224,2
22716,3088,0.4243255813953488,2
22717,1170,0.41931034482758617,2
22718,1560,0.41886792452830185,2
22719,463,1.1941176470588235,1
22720,7020,4.953615185504745,2
22721,910,4.820200803212852,1
22722,5372,3.9175074183976264,2
22723,1059,3.751399176954733,2
22725,1776,3.801067073170732,2
22726,5641,3.7910148514851483,2
22727,7221,3.7667074527252504,2
22728,5074,3.7871497584541065,2
22729,2182,3.7662942779291555,2
22730,2728,3.7554716981132072,2
22731,1075,1.350943396226415,2
22732,1522,1.3437795275590552,2
22733,1471,1.3340277777777778,2
22734,2843,2.8916326530612246,2
22735,673,1.739887640449438,1
22736,1102,1.722774193548387,2
22737,1227,1.736315789473684,2
22738,2007,1.698839779005525,2
22739,1588,1.74188679245283,2
22740,6625,0.8451401869158878,2
22741,8328,0.8541935483870968,2
22742,628,2.613296703296703,1
22743,867,2.8107894736842107,1
22744,833,2.6782666666666666,1
22745,1788,2.114846625766871,2
22746,1319,2.1286770428015567,2
22747,879,2.095689655172414,1
22748,1895,2.1256302521008403,2
22749,2223,3.7539429928741095,2
22750,1964,3.7664961636828647,2
22751,1514,3.794078431372549,2
22752,1654,8.404186046511628,2
22753,918,0.7716666666666666,1
22754,1802,0.7691836734693878,2
22755,1577,0.7915656565656565,2
22756,554,1.1112903225806452,1
22757,1009,1.1217543859649122,2
22758,1122,1.1176923076923078,2
22759,5207,1.6875,2
22760,259,12.504545454545454,1
22761,34,24.575,0
22762,145,14.772988505747126,1
22763,191,9.903723404255318,1
22764,3,24.95,0
22765,25,13.263333333333334,0
22766,3206,2.955,2
22767,761,9.849230769230768,1
22768,837,9.909574468085106,1
22769,6,23.95,0
22770,83,14.909999999999998,0
22771,5753,1.2448502994011976,2
22772,3345,1.247231638418079,2
22773,1852,1.2489333333333335,2
22774,2007,1.2389000000000001,2
22775,2614,1.2569565217391305,2
22776,1116,9.859977827050997,2
22777,331,8.338095238095239,1
22778,757,3.87,1
22779,1535,4.183947368421053,2
22780,1340,4.1843939393939396,2
22781,533,7.702360248447206,1
22782,241,19.355405405405406,1
22783,462,13.858125,1
22784,1214,4.980483271375465,2
22785,212,6.388148148148148,1
22786,108,5.934864864864865,0
22788,205,9.81804347826087,1
22789,838,1.9884732824427482,1
22791,7336,1.2339097744360903,2
22792,2313,0.865,2
22794,300,7.94235668789809,1
22795,1099,6.686769759450171,2
22796,554,9.896046511627905,1
22797,146,17.080886075949365,1
22798,1643,2.976031746031746,2
22799,198,8.131874999999999,1
22800,765,3.795611510791367,1
22801,890,3.7644242424242425,1
22802,66,18.064285714285713,0
22803,46,38.102000000000004,0
22804,2869,2.979596199524941,2
22805,1574,1.24544,2
22806,243,2.632142857142857,1
22807,676,2.780990990990991,1
22808,320,2.855555555555556,1
22809,1198,3.1247486033519554,2
22810,908,3.160212765957447,1
22811,775,3.0098214285714286,1
22812,1571,2.141811023622047,2
22813,2265,2.0618181818181816,2
22814,1581,0.41687499999999994,2
22815,1810,0.4184210526315789,2
22816,3438,0.41833333333333333,2
22817,1858,0.4180952380952381,2
22818,3162,0.41926829268292676,2
22819,1848,0.41857142857142854,2
22820,761,0.653913043478261,1
22821,834,0.6553731343283583,1
22822,417,5.946620689655172,1
22823,24,118.07692307692308,0
22824,55,35.67093023255814,0
22825,70,7.902,0
22826,58,114.02439024390245,0
22827,35,158.07692307692307,0
22828,10,156.42857142857142,0
22829,215,9.862121212121211,1
22830,131,21.771666666666665,0
22831,684,2.9462264150943396,1
22832,155,10.726811594202898,1
22833,75,45.635000000000005,0
22834,4633,1.8827090301003346,2
22835,2972,4.858841698841699,2
22837,992,4.620588235294118,2
22838,652,14.75470588235294,1
22839,364,14.940071942446044,1
22840,891,7.921383399209486,1
22841,516,7.9588,1
22842,572,6.640410958904109,1
22843,434,6.694173913043478,1
22844,826,8.537398648648649,1
22845,704,6.38042194092827,1
22846,626,16.34538152610442,1
22847,851,16.523333333333333,1
22848,302,16.21544642857143,1
22849,308,16.261404958677684,1
22851,2609,0.863131313131313,2
22852,354,4.248796296296296,1
22853,431,3.247029702970297,1
22854,750,4.917114093959731,1
22855,2508,1.2352222222222222,2
22856,564,1.2413636363636362,1
22857,1156,0.8457377049180327,2
22858,1081,1.6446902654867257,2
22859,1150,1.6453846153846152,2
22860,567,1.65,1
22861,292,1.65,1
22862,143,4.25,1
22863,693,2.9289473684210527,1
22865,8115,2.112676767676768,2
22866,6118,2.0893027888446216,2
22867,6001,2.1100409836065577,2
22868,54,1.95,0
22869,69,1.95,0
22870,67,1.95,0
22871,52,1.95,0
22872,55,1.9499999999999997,0
22873,47,1.9499999999999997,0
22874,54,1.95,0
22875,51,1.95,0
22876,52,1.95,0
22877,56,1.9499999999999997,0
22878,52,2.1,0
22879,62,1.595,0
22880,72,1.7133333333333332,0
22881,79,1.7315384615384615,0
22882,83,1.8079999999999998,0
22883,78,1.6918181818181817,0
22884,75,1.7725,0
22885,79,1.7133333333333332,0
22886,74,1.7315384615384615,0
22887,66,1.6918181818181817,0
22888,63,1.595,0
22889,147,1.8077777777777777,1
22890,366,10.006510067114093,1
22891,345,4.614814814814815,1
22892,2461,1.2451776649746193,2
22893,1464,0.41727272727272724,2
22894,291,9.696363636363635,1
22895,1980,3.1856734693877553,2
22896,1498,2.592079646017699,2
22897,1298,1.5488505747126438,2
22898,2201,1.9468309859154929,2
22899,1982,2.1263358778625956,2
22900,4580,3.123118556701031,2
22902,1212,2.0530208333333335,2
22903,153,2.7590625,1
22904,1768,2.977053941908714,2
22905,478,2.751304347826087,1
22906,1628,1.642,2
22907,6102,0.850637168141593,2
22908,4234,0.8478086419753086,2
22909,8122,0.845440313111546,2
22910,9433,2.9365357643758765,2
22911,438,2.974878048780488,1
22912,270,4.9326373626373625,1
22913,327,4.926,1
22914,428,4.933235294117647,1
22915,2928,0.39932835820895524,2
22916,1819,0.6494845360824743,2
22917,1858,0.6494949494949495,2
22918,1776,0.6489743589743591,2
22919,1669,0.6494949494949495,2
22920,3329,0.6489690721649485,2
22921,1648,0.6494186046511629,2
22922,1482,0.8563636363636363,2
22923,1281,0.8448684210526315,2
22924,1188,0.8465789473684211,2
22925,427,5.9835975609756105,1
22926,569,5.939247311827957,1
22927,395,5.934496124031008,1
22928,251,6.382499999999999,1
22929,19,63.91538461538461,0
22930,1041,2.5654421768707483,2
22931,794,2.55141592920354,1
22932,872,2.5007812499999997,1
22933,876,2.922826086956522,1
22934,560,2.9152173913043478,1
22935,673,3.1634615384615383,1
22936,258,3.3037142857142854,1
22937,941,2.6119858156028366,2
22938,2321,1.9417441860465117,2
22939,448,5.273461538461539,1
22940,1896,4.351269841269842,2
22941,1572,8.447647058823529,2
22942,581,7.445833333333334,1
22943,1280,4.970372670807453,2
22944,2704,0.519,2
22945,2863,0.8919285714285715,2
22946,370,16.326373626373627,1
22947,536,10.323076923076922,1
22948,1456,0.9227358490566038,2
22949,947,1.45,2
22950,5180,1.436826347305389,2
22951,7247,0.5628455284552846,2
22952,14759,0.5426612903225807,2
22953,460,1.2791566265060241,1
22954,165,1.25,1
22955,1005,2.0134234234234234,2
22956,2003,2.04376404494382,2
22957,1749,2.9300995024875625,2
22959,4876,0.4184285714285714,2
22960,8151,4.1837204058624575,2
22961,15055,1.4715885714285712,2
22962,3681,0.8457894736842105,2
22963,3071,0.8450710900473933,2
22964,2514,2.133708609271523,2
22965,1318,2.1255502392344496,2
22966,7204,1.2612762237762238,2
22967,1161,2.928787878787879,2
22968,729,9.719999999999999,1
22969,12092,1.450732177263969,2
22970,4246,2.492957746478873,2
22971,2365,2.5219574468085106,2
22972,1715,1.6534782608695653,2
22973,1192,1.6721428571428572,2
22974,1523,1.6855555555555555,2
22975,1118,1.2752083333333333,2
22976,1047,1.2604310344827587,2
22977,905,1.26070796460177,1
22978,2407,3.7522727272727274,2
22979,3920,1.4955271565495207,2
22980,2289,1.6742914979757084,2
22981,436,1.4473684210526316,1
22982,1045,1.3145578231292518,2
22983,5038,0.42735735735735736,2
22984,2678,0.4215492957746479,2
22985,3750,0.4183333333333333,2
22986,4101,0.41961038961038966,2
22987,100,0.42,0
22988,8821,1.2574260355029585,2
22989,2697,3.2295283018867926,2
22990,607,4.762777777777778,1
22991,3710,2.0498340248962656,2
22992,4917,1.9619594594594596,2
22993,11792,1.256909294512878,2
22994,2107,0.41963190184049076,2
22995,2236,0.4193582887700535,2
22996,4552,0.41940199335548173,2
22997,2527,0.4196774193548387,2
22998,11769,0.4276785714285714,2
22999,2875,0.41968911917098445,2
23000,3044,0.41971153846153847,2
23002,2078,0.4195862068965517,2
23003,541,0.41886792452830185,1
23004,1862,0.4295348837209302,2
23005,4396,0.4193406593406593,2
23006,1699,0.41954198473282445,2
23007,450,16.516433566433566,1
23008,421,16.425409836065572,1
23009,209,16.425409836065572,1
23010,285,16.47808988764045,1
23012,1017,3.8827093596059115,2
23013,866,3.885934065934066,1
23014,800,3.9084146341463417,1
23015,37,8.25,0
23016,69,7.723684210526316,0
23017,64,12.178571428571429,0
23018,50,12.2975,0
23019,81,8.078571428571427,0
23020,176,12.33125,1
23021,118,4.134615384615385,0
23022,416,2.0295652173913044,1
23023,272,1.6995999999999998,1
23024,254,2.73,1
23025,317,2.1245652173913046,1
23026,504,2.10625,1
23027,287,2.08,1
23028,1247,1.6589655172413793,2
23029,1284,1.6471014492753622,2
23031,1246,1.647142857142857,2
23032,2264,1.644736842105263,2
23033,685,1.44,1
23034,947,1.4426829268292682,2
23035,2089,1.4537647058823528,2
23036,183,1.25,1
23037,193,1.7299999999999998,1
23038,41,1.2299999999999998,0
23039,192,1.9369565217391302,1
23040,246,5.728947368421053,1
23041,260,4.15,1
23042,99,6.65,0
23043,75,6.25,0
23044,103,4.15,0
23045,116,4.15,0
23046,347,6.623529411764706,1
23047,58,5.75,0
23048,564,4.190652173913044,1
23049,435,8.24526627218935,1
23050,459,8.240909090909092,1
23051,335,8.237969924812031,1
23052,571,8.246380090497738,1
23053,319,8.231538461538461,1
23054,268,8.242727272727274,1
23055,561,5.58051282051282,1
23056,869,6.162439024390244,1
23057,677,4.602045454545455,1
23058,486,1.1129545454545455,1
23060,244,2.08,1
23061,964,1.2476923076923077,2
23064,220,43.01136363636363,1
23065,257,12.470967741935484,1
23066,245,8.228947368421052,1
23067,277,4.15,1
23068,805,2.4776691729323312,1
23069,89,6.25,0
23070,147,4.15,1
23071,317,10.711363636363636,1
23072,326,10.772727272727273,1
23073,142,12.41,1
23074,225,2.0638888888888887,1
23075,470,4.1450000000000005,1
23076,7920,1.2449397590361446,2
23077,9662,1.2418446601941748,2
23078,6607,1.2450704225352112,2
23079,250,8.936915887850466,1
23080,1003,8.357543859649123,2
23081,454,8.336293103448275,1
23082,2265,3.723040293040293,2
23083,1860,3.7610798122065727,2
23084,27202,2.0139429928741093,2
23085,374,10.081481481481482,1
23086,1194,1.2329729729729728,2
23087,830,1.237142857142857,1
23088,760,1.306315789473684,1
23089,2136,1.7771014492753623,2
23090,2130,0.8573809523809524,2
23091,570,6.2863,1
23092,509,7.802222222222222,1
23093,916,2.472983870967742,1
23094,147,12.5,1
23096,1007,1.7276470588235295,2
23099,132,6.584545454545455,0
23100,2093,1.2462162162162163,2
23101,1948,0.8266326530612244,2
23102,1245,0.8269444444444445,2
23103,3939,1.6476047904191615,2
23104,116,12.30909090909091,0
23106,283,2.772,1
23107,340,2.7391803278688527,1
23108,2194,6.148418079096045,2
23109,2325,2.904345991561182,2
23110,664,5.713800904977376,1
23111,296,12.281600000000001,1
23112,472,7.453804347826087,1
23113,1138,4.92,2
23114,144,4.930487804878049,1
23115,147,4.930000000000001,1
23116,72,4.905555555555555,0
23117,85,4.95,0
23118,765,7.4600888888888885,1
23119,2156,0.6476923076923077,2
23120,1648,0.418695652173913,2
23121,2465,0.41625,2
23122,2093,0.8204040404040404,2
23123,900,0.8236231884057971,1
23124,503,1.24125,1
23125,405,1.236875,1
23126,1089,5.013884892086331,2
23127,714,4.968594594594595,1
23128,436,4.970227272727273,1
23129,942,4.418727272727273,2
23130,918,4.234790419161677,1
23131,894,4.207090909090909,1
23132,1022,5.735833333333334,2
23133,759,7.992164179104478,1
23134,1064,7.6710810810810806,2
23135,1538,5.191190476190476,2
23136,127,3.7290909090909095,0
23137,80,3.4539999999999997,0
23138,875,1.4449999999999998,1
23139,407,1.2566666666666666,1
23140,160,4.256857142857143,1
23141,68,3.5900000000000003,0
23142,116,10.330555555555556,0
23143,25,7.175000000000001,0
23144,4894,0.8369747899159663,2
23145,2054,0.960728476821192,2
23146,781,3.2826267281105994,1
23147,1845,1.4492156862745098,2
23148,2118,0.8299590163934426,2
23149,97,2.49,0
23150,139,2.49,1
23151,60,1.98,0
23152,545,3.742894736842105,1
23153,248,3.7883333333333336,1
23154,2472,2.080921052631579,2
23155,2106,0.822212389380531,2
23156,1638,2.094240837696335,2
23157,2543,2.149869281045752,2
23158,2538,2.1666666666666665,2
23159,2283,2.0821782178217823,2
23160,1404,1.2293442622950819,2
23161,1608,1.2283823529411766,2
23162,1362,3.7471830985915493,2
23163,1714,2.4349253731343286,2
23164,564,4.922625,1
23165,2954,1.6322222222222222,2
23166,77916,1.2203030303030302,2
23167,5666,0.8270652173913042,2
23168,2850,1.228116591928251,2
23169,1453,4.113773584905661,2
23170,6575,1.6575379939209725,2
23171,5966,1.6725830258302583,2
23172,3688,1.6405357142857142,2
23173,2666,9.705872576177285,2
23174,2956,4.126728624535317,2
23175,3066,3.1950549450549453,2
23176,2090,2.2635449735449735,2
23177,2431,2.2418181818181817,2
23178,312,2.8117543859649126,1
23179,304,2.9330000000000003,1
23180,104,4.766666666666667,0
23181,185,8.184782608695652,1
23182,3414,0.8776029962546816,2
23183,178,4.056610169491526,1
23184,778,5.097939698492462,1
23185,323,0.3496875,1
23186,1982,0.3409859154929577,2
23187,2338,0.3154666666666667,2
23188,3098,1.7055555555555555,2
23189,1215,2.858421052631579,2
23190,1678,1.6513333333333333,2
23191,2176,1.6749027237354086,2
23192,3286,1.654074074074074,2
23193,1855,2.265244755244755,2
23194,1754,2.2498870056497178,2
23196,1760,1.444238683127572,2
23197,1368,1.5413978494623655,2
23198,3067,1.4803367875647668,2
23199,13887,2.0620523415977963,2
23200,6733,2.0721383647798746,2
23201,12540,2.0583574244415246,2
23202,10716,2.0784015345268543,2
23203,19516,2.0553642987249545,2
23204,7039,0.8429976580796252,2
23205,5152,0.8518624641833811,2
23206,11565,1.641508379888268,2
23207,7554,1.6529210134128165,2
23208,6225,1.645121951219512,2
23209,13004,1.6463848396501457,2
23210,2803,1.2437869822485206,2
23211,2208,1.24125,2
23212,2179,1.239090909090909,2
23213,1595,1.24328,2
23214,777,2.1816326530612247,1
23215,3547,2.1392610837438424,2
23216,518,1.348048780487805,1
23217,1290,1.4022093023255815,2
23218,372,1.383939393939394,1
23219,404,1.3117307692307691,1
23220,930,0.909620253164557,2
23221,1461,0.9132456140350877,2
23222,776,0.9616666666666667,1
23223,747,0.9427142857142856,1
23224,719,0.9328813559322033,1
23225,1297,0.9561428571428571,2
23226,1199,1.24125,2
23227,1592,1.26816091954023,2
23228,1397,1.3925316455696204,2
23229,1804,3.7842009132420094,2
23230,7950,0.4173390557939914,2
23231,7225,0.4190661478599222,2
23232,8626,0.4175308641975308,2
23233,5175,0.41861635220125787,2
23234,1635,2.9257446808510643,2
23235,729,2.7372727272727273,1
23236,2459,2.9325675675675678,2
23237,1044,4.133529411764706,2
23238,1788,4.13360655737705,2
23239,823,3.9125766871165646,1
23240,4103,4.133132530120482,2
23241,2024,2.0753220338983054,2
23242,1436,2.0741326530612247,2
23243,4663,4.888174807197943,2
23244,925,1.9743809523809523,1
23245,5856,4.93283356258597,2
23247,2060,2.969783393501805,2
23249,802,1.6442028985507244,1
23250,1103,1.2476404494382023,2
23251,1646,1.2398058252427184,2
23252,590,3.7428125,1
23253,214,15.656382978723405,1
23254,1664,4.142957746478873,2
23255,963,4.164861111111112,2
23256,2018,4.1516363636363645,2
23263,3747,1.3159628770301623,2
23264,1845,1.3221722846441948,2
23265,1680,1.3167407407407408,2
23266,1975,1.3101010101010102,2
23267,1158,1.2477659574468085,2
23268,1435,1.5168354430379747,2
23269,755,1.4474683544303797,1
23270,1166,1.4436,2
23271,1622,0.8366666666666666,2
23272,352,1.5637142857142856,1
23273,928,1.6793877551020406,1
23274,1142,1.742549019607843,2
23275,3642,1.2872982456140352,2
23280,1995,0.833925925925926,2
23281,1270,0.8229787234042553,2
23282,753,0.8738461538461538,1
23283,967,7.912870813397129,2
23284,5342,7.91351145038168,2
23285,4679,0.8465909090909091,2
23286,4901,0.8464634146341463,2
23287,1782,0.8456375838926175,2
23288,4505,0.8485925925925926,2
23289,1553,1.245774647887324,2
23290,2367,1.2419540229885058,2
23291,1549,1.2693835616438358,2
23292,2082,1.263433734939759,2
23293,8243,0.823978947368421,2
23294,4292,0.8249006622516556,2
23295,5963,0.8246486486486486,2
23296,4879,1.2396296296296296,2
23297,4260,1.6359154929577464,2
23298,7785,4.916591796875,2
23299,983,3.7924193548387097,2
23300,6303,1.6653004622496148,2
23301,7740,1.6638151041666667,2
23302,1481,1.58,2
23303,65,1.95,0
23304,71,1.9500000000000002,0
23305,82,1.9500000000000002,0
23306,2692,1.4610900473933648,2
23307,11675,0.5561625708884689,2
23308,5967,0.5635646687697161,2
23309,7727,0.5684126984126985,2
23310,11891,0.4292523364485981,2
23311,2199,2.545246478873239,2
23312,1365,4.13989898989899,2
23313,2755,4.951293800539084,2
23314,393,12.440283018867925,1
23315,202,9.83157894736842,1
23316,236,9.81875,1
23317,162,9.87394366197183,1
23318,3647,2.457151335311573,2
23319,3539,2.4641732283464566,2
23320,2635,2.6578504672897196,2
23321,4283,1.6437851239669419,2
23322,2908,2.9476136363636365,2
23323,1426,2.09645390070922,2
23324,381,2.068205128205128,1
23325,444,1.6233333333333333,1
23326,3370,0.6194642857142857,2
23327,1710,0.6185714285714285,2
23328,2067,3.7216262975778545,2
23329,1712,1.6483539094650204,2
23330,1761,1.249,2
23331,1492,0.6290697674418605,2
23332,1996,1.648576512455516,2
23333,2030,1.2481896551724136,2
23334,2154,0.6284158415841584,2
23335,359,2.0744578313253013,1
23336,200,2.1115384615384616,1
23337,169,2.08,1
23338,405,2.0749450549450548,1
23339,150,2.08,1
23340,2465,1.6451612903225807,2
23341,282,8.457070707070708,1
23342,367,8.48375796178344,1
23343,4908,2.0784343434343437,2
23344,8954,2.0702990033222592,2
23345,2398,1.243840579710145,2
23346,2571,1.2440140845070422,2
23347,827,1.247605633802817,1
23348,680,2.0708661417322833,1
23349,2857,1.2450972762645915,2
23350,2593,1.2467058823529413,2
23351,3058,1.2439568345323742,2
23352,1596,1.2474545454545456,2
23353,3735,0.8295785440613026,2
23354,3346,0.8295940959409593,2
23355,5338,4.867162162162162,2
23356,2352,5.89291754756871,2
23357,435,4.4532967032967035,1
23358,528,3.4423529411764706,1
23359,979,1.9305194805194805,2
23360,1151,1.9419642857142858,2
23365,1531,0.649248120300752,2
23366,1923,0.6493103448275862,2
23367,2785,0.6495798319327731,2
23368,2155,0.6494594594594595,2
23369,901,1.2441836734693879,1
23370,1359,1.2466371681415929,2
23371,1505,1.2445714285714287,2
23372,1296,1.242761904761905,2
23373,1563,0.8177272727272726,2
23374,2444,0.8175409836065574,2
23375,1327,0.8188764044943819,2
23376,2642,0.389406779661017,2
23377,1203,0.38999999999999996,2
23378,3419,0.3891025641025641,2
23379,1175,0.38862745098039214,2
23380,2159,0.3892708333333334,2
23381,1487,0.38895522388059706,2
23382,1712,3.710731707317073,2
23388,793,4.138405797101449,1
23389,1050,4.142452830188679,2
23390,725,4.139542483660131,1
23391,361,4.1387323943661976,1
23392,592,2.073012048192771,1
23393,769,3.75,1
23394,395,3.75,1
23395,696,3.747513513513513,1
23396,616,3.7473714285714284,1
23397,434,9.84772727272727,1
23398,591,0.848030303030303,1
23399,1823,0.8493193717277487,2
23400,448,6.153333333333333,1
23401,443,6.0931428571428565,1
23402,281,3.7417857142857143,1
23403,596,3.707142857142857,1
23404,969,4.863676470588236,2
23405,237,4.91,1
23406,435,6.143473684210527,1
23407,250,9.925462184873949,1
23408,310,2.08,1
23409,208,3.7275609756097565,1
23410,36,8.027777777777779,0
23411,217,4.915957446808511,1
23412,351,7.394583333333333,1
23413,160,4.896666666666667,1
23414,139,9.90290322580645,1
23415,326,1.3699999999999999,1
23416,123,1.16,0
23417,140,1.1345454545454545,1
23418,534,2.0657377049180328,1
23419,438,2.0753225806451616,1
23420,160,2.08,1
23421,154,2.08,1
23422,196,2.08,1
23423,202,3.75,1
23424,413,4.926923076923076,1
23425,237,2.052857142857143,1
23426,1232,2.854857142857143,2
23427,228,12.305555555555555,1
23428,70,8.107692307692307,0
23429,44,8.15,0
23430,35,8.15,0
23431,1432,0.8254166666666667,2
23432,1274,0.8269444444444445,2
23433,1215,0.8286585365853659,2
23434,1792,0.9038235294117647,2
23435,679,0.9046666666666667,1
23436,1929,1.2408695652173913,2
23437,1909,1.248108108108108,2
23438,1796,1.2479,2
23439,3762,2.0943609022556395,2
23440,164,2.022,1
23441,22,0.42,0
23442,42,2.08,0
23444,79,15.189873417721518,0
23445,2667,0.8265625,2
23446,157,1.5833333333333333,1
23447,158,1.5999999999999999,1
23448,25,1.6499999999999997,0
23449,12,1.25,0
23451,269,1.943478260869565,1
23452,510,1.9462962962962964,1
23453,323,1.944,1
23454,166,4.142452830188679,1
23455,206,2.8671428571428574,1
23456,158,4.116666666666667,1
23457,105,4.92,0
23458,51,14.95,0
23459,33,12.5,0
23460,108,9.900930232558139,0
23461,839,4.136979166666667,1
23462,77,19.745454545454546,0
23463,12,9.95,0
23464,16,4.95,0
23465,28,8.25,0
23466,49,8.214285714285714,0
23467,23,3.29,0
23468,19,8.25,0
23469,320,4.122698412698413,1
23470,220,6.2156,1
23471,65,9.76111111111111,0
23472,55,14.791935483870967,0
23473,666,0.8274999999999999,1
23474,297,0.83,1
23475,280,0.83,1
23476,198,1.25,1
23477,85,1.25,0
23478,278,1.2289999999999999,1
23479,110,7.7768292682926825,0
23480,1719,3.726741573033708,2
23481,217,1.2429999999999999,1
23482,415,1.6388888888888888,1
23483,1322,1.228695652173913,2
23484,174,2.8592307692307695,1
23485,259,24.16,1
23486,267,16.44705882352941,1
23487,78,9.869047619047619,0
23489,876,2.8872027972027974,1
23490,539,3.7404166666666665,1
23491,226,8.25,1
23492,74,8.25,0
23493,3522,1.948351648351648,2
23494,726,5.933240223463687,1
23495,192,1.25,1
23496,88,1.25,0
23497,2514,1.4384357541899442,2
23498,1591,1.4406451612903224,2
23499,1247,0.42,2
23500,1585,1.2432258064516128,2
23501,1772,1.2382022471910112,2
23502,690,1.2452272727272726,1
23503,3435,1.2481305637982196,2
23504,1668,1.2489655172413792,2
23505,1065,1.2424324324324325,2
23506,2718,0.4191240875912408,2
23507,2841,0.4183783783783784,2
23508,2476,0.4189830508474576,2
23509,1043,0.41789473684210526,2
23510,2298,0.4188118811881188,2
23511,526,2.073409090909091,1
23512,485,2.0626,1
23513,556,2.0706451612903227,1
23514,458,2.0706451612903227,1
23515,558,2.0655,1
23516,292,3.728604651162791,1
23517,312,2.8743137254901963,1
23518,358,2.870952380952381,1
23519,219,3.701578947368421,1
23520,166,3.735161290322581,1
23521,388,2.618181818181818,1
23522,341,2.575714285714286,1
23523,357,3.656315789473684,1
23524,465,3.6588235294117646,1
23525,568,3.6604444444444444,1
23526,882,5.814565217391305,1
23527,416,3.6834090909090906,1
23528,462,3.626764705882353,1
23529,629,3.6103333333333336,1
23530,1043,4.754533333333334,2
23531,963,6.746969696969697,2
23532,205,4.470769230769231,1
23533,210,5.151935483870968,1
23534,1207,5.881581632653061,2
23535,1128,5.868203592814371,2
23536,613,5.869864864864865,1
23537,98,4.835714285714286,0
23538,327,4.795,1
23539,237,5.797428571428571,1
23540,146,6.142,1
23541,829,8.1105,1
23542,484,8.045714285714286,1
23543,1228,7.862989690721649,2
23544,164,7.523000000000001,1
23545,2475,0.419047619047619,2
23546,3275,0.42,2
23547,1575,0.42,2
23548,1075,0.42,2
23549,1300,0.42,2
23550,1850,0.41873015873015873,2
23551,1617,0.39,2
23552,1731,2.0623423423423426,2
23553,558,12.376984126984127,1
23554,421,12.389285714285714,1
23555,422,12.410576923076924,1
23556,438,12.387272727272727,1
23557,347,12.39310344827586,1
23558,413,12.407,1
23559,566,2.0725641025641024,1
23560,164,2.870952380952381,1
23561,167,2.8592307692307695,1
23562,245,2.87974358974359,1
23564,587,1.2449999999999999,1
23565,348,1.25,1
23566,786,1.241063829787234,1
23567,187,1.25,1
23568,580,1.2349999999999999,1
23569,933,4.945652173913044,2
23570,1846,1.25,2
23571,2036,1.6491189427312773,2
23574,14,7.5,0
23575,164,1.9375,1
23576,185,1.94,1
23578,56,1.95,0
23579,151,1.9384615384615385,1
23580,111,1.95,0
23581,4373,2.0596190476190475,2
23582,4447,2.066597510373444,2
23583,3315,1.6448553054662378,2
23597,248,2.9100000000000006,1
23598,421,2.9313953488372095,1
23630,1,2.99,0
23660,293,1.65,1
23661,204,1.6499999999999997,1
23664,1,1.65,0
23681,1548,1.6416666666666666,2
23691,1175,0.4184210526315789,2
23692,50,0.42,0
23694,348,0.4175,1
23695,727,0.41739130434782606,1
23697,438,0.41777777777777775,1
23702,4,8.5,0
23843,80995,2.08,2
35001G,157,3.626666666666667,1
35001W,92,3.0840000000000005,0
35004B,475,5.1000000000000005,1
35004C,393,5.239473684210527,1
35004G,126,5.3,0
35004P,1,5.45,0
35095A,811,0.41617647058823526,1
35095B,772,0.4168292682926829,1
35241,89,4.786666666666666,0
35265,16,2.3181818181818183,0
35271S,19,0.19,0
35400,10,8.95,0
35443,7,0.85,0
35471D,1668,0.4731081081081081,2
35591T,5,1.25,0
35597A,1,1.25,0
35597B,1,1.25,0
35597D,46,0.38,0
35598A,9,2.95,0
35598B,554,1.2772727272727273,1
35598C,2,2.95,0
35598D,660,0.7504166666666667,1
35599B,209,3.033478260869565,1
35599D,186,2.573157894736842,1
35607A,24,0.19,0
35607B,96,0.19,0
35610A,8,1.25,0
35610B,24,1.25,0
35610C,24,1.25,0
35637A,166,2.6166666666666667,1
35637C,28,2.5214285714285714,0
35638A,38,3.55,0
35638B,56,1.95,0
35645,4,4.25,0
35646,513,1.4330434782608696,1
35647,13,1.25,0
35648,814,0.9924999999999999,1
35649,16,3.095714285714286,0
35650,1,4.95,0
35651,330,1.8352941176470587,1
35653,47,2.95,0
35809A,389,1.102142857142857,1
35809B,8,1.6766666666666667,0
35810A,603,1.018148148148148,1
35810B,147,1.1928571428571428,1
35815P,162,0.724,1
35816P,78,0.38,0
35817P,18,1.4649999999999999,0
35818B,31,0.38000000000000006,0
35818P,264,0.38,1
35819B,268,0.38,1
35819P,95,0.5042857142857143,0
35833P,37,1.25,0
35909A,8,2.9500000000000006,0
35909B,8,2.95,0
35910A,20,1.95,0
35910B,13,1.95,0
35911A,205,1.0984,1
35911B,17,2.1,0
35912B,249,1.228888888888889,1
35913B,35,0.85,0
35914,136,1.2447368421052631,0
35915B,91,1.65,0
35915C,49,1.65,0
35916A,20,0.85,0
35916B,6,0.85,0
35916C,54,0.85,0
35920,67,1.25,0
35921,54,1.25,0
35922,28,4.95,0
35923,1265,0.48333333333333334,2
35924,724,2.0006060606060605,1
35933,222,0.38,1
35953,3017,0.4962921348314607,2
35954,1124,0.2576470588235294,2
35957,558,0.32142857142857145,1
35958,12,0.85,0
35961,2692,0.8467295597484277,2
35964,624,0.4327500000000001,1
35965,181,1.4071428571428573,1
35966,27,0.38,0
35967,381,0.39655172413793105,1
35968,145,0.37,1
35970,4647,1.7350429799426934,2
35971,423,1.4080357142857143,1
35972,96,1.25,0
37327,1375,0.4189583333333333,2
37330,6,0.39,0
37333,14,3.5863636363636364,0
37340,2042,0.40437500000000004,2
37342,1435,0.795625,2
37343,62,1.4925,0
37351,4,0.39,0
37370,2508,1.2404166666666667,2
37379A,6,1.25,0
37413,701,0.4112345679012346,1
37423,78,0.5433333333333333,0
37444A,49,0.87,0
37444B,4,2.9500000000000006,0
37444C,21,1.2433333333333334,0
37446,1297,1.4323899371069182,2
37447,757,1.483684210526316,1
37448,1404,1.4825465838509317,2
37449,562,9.75875816993464,1
37450,668,2.891747572815534,1
37461,1,1.25,0
37462E,27,0.2475,0
37464,3,1.25,0
37467,128,0.5154545454545455,0
37468,64,0.39,0
37471,12,0.85,0
37475,57,9.755333333333333,0
37476,17,9.787777777777777,0
37479B,127,0.898235294117647,0
37479P,130,0.5778260869565217,0
37482P,489,0.6235135135135135,1
37487B,68,0.29,0
37488A,28,0.38999999999999996,0
37489A,33,0.494,0
37489B,31,0.65,0
37489C,23,0.78,0
37489D,40,0.48176470588235293,0
37491B,4,1.65,0
37491C,8,1.65,0
37491D,2,1.65,0
37495,428,3.7309523809523806,1
37500,338,6.266,1
37501,102,6.95,0
37509,2,2.55,0
40001,755,0.82,1
40003,147,1.2227272727272727,1
40005B,12,0.85,0
40016,5524,0.5113333333333333,2
40046A,50,1.25,0
44089A,15,0.42,0
44089C,24,0.42,0
44091A,9,0.42,0
44092B,14,0.85,0
44092C,20,0.85,0
44228,36,0.85,0
44234,645,0.20739130434782607,1
44235,539,0.41625,1
44236,52,1.3414285714285714,0
44242A,12,0.79,0
44242B,52,0.9433333333333334,0
44265,2,4.25,0
45013,3,2.95,0
46000M,1008,1.55,2
46000P,17,4.25,0
46000R,101,1.45,0
46000S,1551,1.45,2
46000U,107,1.25,0
46115B,12,0.19,0
46118,193,0.85,1
46126A,48,1.25,0
46138B,43,1.0333333333333334,0
46775D,24,16.95,0
46776A,14,4.95,0
46776B,15,4.95,0
46776C,11,4.95,0
46776D,12,4.95,0
46776E,14,4.95,0
46776F,19,4.95,0
47013A,14,0.205,0
47013C,43,0.1442857142857143,0
47016,2,2.1,0
47021G,518,0.6193333333333334,1
47310M,265,1.3279166666666666,1
47341A,27,1.75,0
47341B,45,1.25,0
47343A,159,0.9714285714285714,1
47344B,44,0.9700000000000001,0
47348A,97,0.702,0
47351B,86,2.905555555555556,0
47367B,57,3.6772727272727277,0
47369A,8,2.9500000000000006,0
47369B,3,3.896666666666667,0
47420,202,0.19,1
47421,975,0.41619047619047617,2
47422,555,0.41672727272727267,1
47469,359,0.6364705882352941,1
47471,264,0.7030769230769232,1
47480,692,1.8477777777777777,1
47481,222,0.8414999999999999,1
47503A,2754,0.5028571428571429,2
47503H,96,1.1444444444444446,0
47503J,1,7.95,0
47504H,948,1.2371739130434782,2
47504K,1958,1.0931284916201118,2
47518F,827,0.14142857142857143,1
47556B,2600,2.325,2
47559B,2004,1.2808536585365853,2
47563A,199,1.3043478260869565,1
47566,15291,4.8763753581661895,2
47566B,2291,4.861041009463722,2
47567B,592,5.950078125,1
47570B,180,10.400769230769232,1
47574A,423,1.2211538461538463,1
47574B,4,4.25,0
47578A,198,0.85,1
47579,1,2.1,0
47580,330,2.569358974358974,1
47585A,102,3.75,0
47586A,21,2.55,0
47589,13,5.45,0
47590A,1950,5.468033707865169,2
47590B,2287,5.412534435261708,2
47591B,38,1.65,0
47591D,3144,1.9738403990024938,2
47593A,33,0.5853846153846154,0
47593B,1663,0.4895833333333333,2
47594A,52,1.9499999999999997,0
47594B,91,1.95,0
47599A,2409,2.069109589041096,2
47599B,1451,2.0772222222222223,2
48111,1107,7.792429378531073,2
48116,1419,7.699647887323943,2
48129,880,7.966775956284153,1
48138,3625,7.794423076923077,2
48173C,1787,7.745568181818182,2
48184,1975,7.776983240223463,2
48185,3429,7.906557377049181,2
48187,3721,7.816219739292365,2
48188,2028,7.909407114624505,2
48194,3271,7.949690082644628,2
51008,511,3.4236842105263157,1
51014A,3621,0.5099378881987577,2
51014C,2462,0.5386725663716814,2
51014L,1936,0.5366355140186916,2
51020A,325,0.5566666666666666,1
51020B,197,0.6739999999999999,1
62018,4402,1.8076271186440676,2
62043B,17,0.8299999999999998,0
62074B,16,0.42,0
62086A,86,1.9499999999999997,0
62094B,13,2.55,0
62096A,106,1.25,0
62096B,2,1.25,0
62097B,9,0.83,0
70006,2620,1.2366666666666666,2
70007,732,1.4041379310344828,1
71038,239,5.401020408163266,1
71050,33,0.3499999999999999,0
71053,1639,3.768403041825095,2
71101E,348,0.8330434782608696,1
71143,10,0.85,0
71215,11,0.42,0
71270,207,1.2845714285714287,1
71279,156,2.9362068965517243,1
71403,54,2.95,0
71406C,138,0.42000000000000004,1
71459,12941,0.8327105263157895,2
71477,6652,3.5398134328358206,2
71495A,96,0.36,0
71495B,160,0.384,1
71496A,114,0.554,0
71496B,13,0.56,0
71510,52,0.8099999999999999,0
72024U,72,0.21,0
72051S,46,0.42,0
72122,292,0.95,1
72127,168,1.2436666666666667,1
72128,189,0.8372727272727273,1
72130,215,0.6356,1
72131,137,1.9026315789473685,1
72132,28,1.95,0
72133,39,1.25,0
72134,98,0.7424999999999999,0
72140E,31,0.85,0
72225C,600,0.27999999999999997,1
72232,3317,0.19,2
72349B,689,2.0827368421052634,1
72351A,1248,2.0823021582733814,2
72351B,2060,2.071635220125786,2
72369A,28,1.25,0
72586,626,0.42,1
72598,459,0.8402325581395349,1
72709,44,0.85,0
72741,5801,1.4284860557768926,2
72760B,386,9.885588235294117,1
72780,137,0.85,1
72783,16,2.1,0
72798C,7,1.6499999999999997,0
72799C,80,2.23,0
72799E,394,2.5612,1
72799F,128,2.9318181818181817,0
72800B,140,2.324358974358974,1
72800C,126,2.275,0
72800D,86,2.55,0
72800E,453,2.316078431372549,1
72801C,138,1.2364285714285714,1
72801D,58,1.25,0
72801G,55,1.25,0
72802A,316,4.385438596491228,1
72802B,968,4.0116000000000005,2
72802C,1375,4.039010989010989,2
72803A,530,4.158536585365853,1
72807A,340,4.2305882352941175,1
72807B,350,4.233902439024391,1
72807C,669,4.226428571428571,1
72811,49,1.45,0
72812,18,3.115,0
72815,2,3.75,0
72816,827,1.24875,1
72817,1048,0.935,2
72818,1821,0.5966153846153847,2
72819,208,2.188333333333333,1
72821,11,1.65,0
75011,172,0.7999999999999999,1
75013B,25,1.65,0
75049L,6821,1.117741935483871,2
75131,488,1.5692307692307692,1
75172,93,1.53,0
75178,455,0.9733333333333333,1
77079,1,2.12,0
77101A,386,1.231904761904762,1
78033,37,5.464285714285714,0
78034B,8,1.95,0
78124,191,1.3333333333333333,1
79000,3808,0.8211340206185566,2
79026B,25,0.4855555555555556,0
79030D,462,0.5525806451612902,1
79030G,1364,0.5564150943396227,2
79051A,791,0.34099999999999997,1
79062D,52,0.38,0
79063C,235,0.18928571428571428,1
79063D,189,0.1890909090909091,1
79066K,739,0.9029090909090909,1
79067,143,3.7055555555555557,1
79071B,20,2.95,0
79144B,108,0.41375,0
79144C,64,0.4057142857142857,0
79149B,18,0.42,0
79151B,11,0.42,0
79157B,4,0.85,0
79157V,5,0.85,0
79160,446,2.062037037037037,1
79161A,2,2.95,0
79163,1517,0.5045454545454545,2
79164,1672,0.63,2
79190A,340,0.42,1
79190B,655,0.41714285714285715,1
79190D,227,0.42,1
79191B,154,0.8499999999999999,1
79191C,1105,0.8364615384615384,2
79191D,25,0.85,0
79192A,3,1.25,0
79302M,355,2.85,1
79321,9650,5.428759541984733,2
79323B,8,6.75,0
79323P,4,6.75,0
79329,12,1.015,0
79331,26,0.8033333333333333,0
79336,36,0.38000000000000006,0
79337,644,0.634,1
79403,89,0.85,0
79406,140,0.22,1
81950B,117,0.29,0
81950V,21,0.53,0
81952B,200,0.19,1
81952V,367,0.19,1
81953B,11,0.19,0
81953P,28,0.19000000000000003,0
82001S,1508,3.827547169811321,2
82011A,16,3.75,0
82011B,41,3.6657894736842107,0
82011C,51,3.6700000000000004,0
82095,7,7.65,0
82482,8276,2.655512965050733,2
82483,2341,6.730345489443379,2
82484,5921,7.46414191419142,2
82486,2085,8.682653778558874,2
82494L,6282,2.9329756097560975,2
82551,2791,1.4927450980392156,2
82552,2922,1.4683612040133778,2
82567,497,2.0572185430463574,1
82578,1956,0.5613839285714286,2
82580,5505,0.5641752577319588,2
82581,3749,0.5550495049504951,2
82582,4290,2.1090476190476193,2
82583,6415,2.081831683168317,2
82599,421,2.0952873563218395,1
82600,5833,2.083522458628842,2
82605,14,2.1,0
82613A,67,1.25,0
82613B,401,1.0334782608695652,1
82613C,361,1.009736842105263,1
82613D,470,0.9570588235294119,1
82615,36,2.55,0
82616B,308,1.6914000000000002,1
82616C,277,1.5763461538461538,1
84006,832,0.85,1
84012,1212,1.0826315789473684,2
84016,25,0.42,0
84029E,3707,4.0547560975609755,2
84029G,2469,4.00159509202454,2
84030E,1423,4.271463414634146,2
84031A,174,3.9132,1
84031B,94,4.017368421052631,0
84032A,449,2.7440740740740743,1
84032B,654,2.647293233082707,1
84033,23,1.65,0
84050,3139,1.640873786407767,2
84051,280,0.841923076923077,1
84077,54415,0.29260042283298093,2
84078A,357,38.86509433962265,1
84086B,16,2.95,0
84086C,140,2.95,1
84192,115,1.25,0
84199,129,0.21,0
84201B,13,0.19,0
84201C,5,0.19,0
84206A,24,0.19000000000000003,0
84206B,5,0.19,0
84206C,8,0.19,0
84212,10297,0.61873786407767,2
84218,122,1.9434999999999998,0
84226,49,0.8266666666666667,0
84227,1,0.42,0
84228,284,0.41736842105263156,1
84231,105,0.65,0
84247E,83,2.95,0
84247G,336,0.42,1
84247K,23,2.95,0
84247L,108,0.42,0
84247N,22,2.95,0
84249A,160,0.483076923076923,1
84251B,157,0.19,1
84251C,24,0.19,0
84251G,180,0.19,1
84279B,182,3.7439999999999998,1
84279P,339,3.7353061224489794,1
84306,2,10.95,0
84313B,76,3.1884615384615387,0
84313C,461,2.2375,1
84341B,618,0.5044117647058823,1
84347,7907,2.605840978593272,2
84352,33,16.768181818181816,0
84356,337,5.645652173913043,1
84358,32,9.341666666666667,0
84360,74,5.797058823529412,0
84375,4149,2.1489018691588786,2
84378,6019,1.3277067669172933,2
84380,5293,1.328248031496063,2
84387A,11,1.95,0
84388,24,1.02,0
84402B,61,0.79,0
84406B,1918,3.816311475409836,2
84415A,12,1.25,0
84415B,6,2.5,0
84422,551,0.4475,1
84429A,47,2.95,0
84452,74,0.85,0
84457,120,0.85,0
84459A,671,1.4773684210526314,1
84459B,676,1.4821311475409835,1
84461,41,2.55,0
84462,12,1.25,0
84465,10,2.95,0
84466,46,1.25,0
84497,13,3.75,0
84499,7,0.85,0
84507B,31,2.55,0
84507C,63,2.55,0
84508A,1630,2.4085714285714284,2
84508B,57,2.55,0
84508C,52,2.55,0
84509A,612,3.80705035971223,1
84509B,156,3.75,1
84509C,78,3.716666666666667,0
84509E,70,2.385,0
84509G,491,2.717391304347826,1
84510A,1063,1.271523178807947,2
84510C,98,1.3211764705882354,0
84510E,25,1.018888888888889,0
84519A,477,1.4506557377049178,1
84519B,426,1.3353763440860216,1
84520B,481,0.8461818181818181,1
84522,12,1.95,0
84527,47,1.9000000000000001,0
84531A,140,0.6900000000000001,1
84531B,150,0.75,1
84534B,46,0.85,0
84535A,398,0.6385,1
84535B,1272,0.6680733944954129,2
84536A,2729,0.42364444444444443,2
84536B,1684,0.4303,2
84539,16,1.65,0
84548,15,1.65,0
84549,31,1.5833333333333333,0
84550,1,1.65,0
84551,1,1.65,0
84558A,293,2.95,1
84559A,272,0.8685714285714285,1
84559B,216,0.85,1
84562A,2,7.95,0
84563A,59,4.021428571428571,0
84563B,73,3.2000000000000006,0
84568,12480,0.20166666666666666,2
84569A,191,1.2965384615384616,1
84569B,76,1.25,0
84569C,1,1.25,0
84569D,269,1.2845714285714287,1
84575A,14,3.95,0
84576,57,1.9500000000000002,0
84580,335,3.7654471544715444,1
84581,166,3.7607042253521126,1
84584,83,2.55,0
84592,70,2.95,0
84593,5,2.95,0
84595E,64,2.1166666666666667,0
84596B,4491,0.4817414248021108,2
84596E,392,0.7605555555555555,1
84596F,3301,0.5010526315789473,2
84596G,1662,0.4851234567901235,2
84596J,469,0.5122222222222222,1
84596L,1039,0.48224999999999996,2
84597B,41,1.25,0
84597C,46,1.25,0
84598,1248,0.21000000000000002,2
84600,48,7.85,0
84609,90,8.352941176470589,0
84613A,6,4.65,0
84613C,1,4.65,0
84614A,2,5.95,0
84616,11,29.95,0
84617,3,12.75,0
84620,2,5.95,0
84625A,455,1.4596774193548387,1
84625C,439,1.5250000000000001,1
84629,20,10.05,0
84631,17,7.95,0
84632,6,59.95,0
84637,29,5.950000000000001,0
84638,19,6.95,0
84658,46,7.024444444444445,0
84659A,134,2.4695454545454543,0
84660A,837,1.3680555555555556,1
84660B,697,1.3226666666666667,1
84660C,639,1.0018518518518518,1
84661A,94,2.129090909090909,0
84661B,95,2.5658333333333334,0
84661C,62,1.494,0
84663A,260,2.1212,1
84665,105,5.95,0
84666,24,3.95,0
84673A,63,0.6500000000000001,0
84673B,135,0.86,0
84674,187,2.8285714285714287,1
84675,9,2.95,0
84678,138,2.1599999999999997,1
84679,6,11.95,0
84683,187,0.9928571428571429,1
84685,21,3.75,0
84686,49,2.9525,0
84687,70,5.7,0
84688,34,4.25,0
84689,3,3.975,0
84691,242,0.7525,1
84692,6808,0.4308266666666667,2
84705C,12,1.25,0
84706D,6,4.283333333333333,0
84706F,16,2.95,0
84707A,66,9.5512,0
84707B,29,8.873846153846154,0
84708B,53,4.8500000000000005,0
84709B,20,5.95,0
84711A,14,9.95,0
84711B,15,9.95,0
84712B,19,7.805454545454546,0
84715,16,2.9500000000000006,0
84723,41,3.9499999999999997,0
84725,41,1.2444444444444445,0
84731,2,1.02,0
84732B,22,0.39,0
84732D,11,0.39,0
84741C,60,1.95,0
84743C,1,1.25,0
84744,108,1.25,0
84745A,32,0.42000000000000004,0
84745B,32,0.42000000000000004,0
84746,3,3.75,0
84748,28,3.75,0
84750A,24,1.95,0
84750B,61,1.17,0
84751B,19,1.7766666666666666,0
84754,502,1.2397297297297296,1
84755,15611,0.6483955223880598,2
84760S,43,1.45,0
84763,573,1.2422448979591836,1
84766,146,3.3785714285714286,1
84773,3,2.95,0
84789,181,3.6409090909090907,1
84792,775,4.666113989637306,1
84795B,167,7.8,1
84795C,2,7.95,0
84796A,14,12.75,0
84796B,69,12.43235294117647,0
84798A,14,2.55,0
84798B,7,2.55,0
84799,220,0.9733333333333333,1
84800L,360,1.9245454545454548,1
84800M,127,1.5372727272727273,0
84800S,113,1.2120000000000002,0
84801A,46,2.1,0
84801B,22,2.1,0
84802A,2,1.69,0
84802B,4,1.69,0
84803B,15,1.6900000000000002,0
84804A,70,2.68,0
84804B,99,2.23,0
84805A,30,2.0833333333333335,0
84805B,38,2.0833333333333335,0
84806A,137,1.0645454545454545,1
84806B,296,1.3836842105263158,1
84809A,38,2.1,0
84809B,18,2.1,0
84813,145,9.359545454545454,1
84816,13,39.95,0
84817,951,1.4351785714285714,2
84818,1424,1.3434,2
84819,811,2.2196774193548388,1
84820,261,3.78125,1
84821,947,0.62,2
84823,112,7.95,0
84824,2,15.95,0
84826,1162,0.5745714285714285,2
84827,511,0.4855555555555556,1
84828,954,1.3088034188034188,2
84832,2607,0.8723437500000001,2
84836,5757,1.255458248472505,2
84840,3,8.5,0
84842,14,3.75,0
84843,161,5.857142857142857,1
84846A,53,2.1,0
84847,21,3.75,0
84849A,155,1.69,1
84849B,232,1.69,1
84849D,479,1.69,1
84854,5,4.95,0
84857B,24,1.95,0
84857C,95,2.76875,0
84858C,185,4.07,1
84859A,123,2.2196774193548388,0
84859B,31,2.148181818181818,0
84859C,83,2.348095238095238,0
84865,26,5.7250000000000005,0
84870B,20,3.75,0
84870C,20,3.75,0
84872A,3,16.95,0
84873A,2,16.95,0
84874B,34,1.65,0
84875B,125,1.5833333333333333,0
84875D,51,1.25,0
84876B,203,1.25,1
84876D,125,2.4038461538461537,0
84877A,12,1.25,0
84877B,126,1.25,0
84877D,88,1.6666666666666667,0
84879,35362,1.6807954545454544,2
84880,303,7.061029411764705,1
84881,11,6.35,0
84882,34,3.75,0
84884A,286,4.028125,1
84898F,45,2.1,0
84905,12,4.95,0
84906,28,4.35,0
84907,5,7.650000000000001,0
84910A,10,5.95,0
84912A,103,3.75,0
84912B,149,3.75,1
84913A,37,4.65,0
84913B,70,4.65,0
84915,199,2.89,1
84916,212,3.8055555555555554,1
84917,170,3.2642857142857147,1
84919,29,6.95,0
84920,73,3.75,0
84921,11,3.75,0
84922,8,4.25,0
84924A,72,4.059166666666667,0
84924F,10,0.79,0
84925D,15,2.55,0
84925F,80,1.9633333333333334,0
84926A,597,0.47580645161290325,1
84926D,705,0.6515624999999999,1
84926E,990,0.43657894736842107,2
84926F,423,0.9091304347826087,1
84927A,46,1.4892857142857143,0
84927D,45,0.8175,0
84927E,57,1.53,0
84927F,295,0.7971428571428573,1
84929,2244,0.2770967741935484,2
84931A,84,2.55,0
84931B,134,2.55,0
84944,564,2.1486301369863012,1
84945,10279,0.8538461538461538,2
84946,16473,1.238577648766328,2
84947,8273,1.2458219178082193,2
84949,4665,1.6326771653543306,2
84950,3361,0.6760674157303371,2
84951A,363,0.9970588235294118,1
84951B,334,1.0784375,1
84952A,38,4.368333333333333,0
84952B,145,3.266153846153846,1
84952C,140,3.0,1
84963A,4,42.95,0
84963B,3,49.95,0
84968A,147,12.676530612244898,1
84968B,2,12.75,0
84968C,94,12.75,0
84968D,62,13.537741935483872,0
84968E,87,13.141363636363637,0
84968F,78,12.69,0
84969,295,4.402876712328767,1
84970L,5700,1.0281360946745561,2
84970S,8470,0.8686506024096385,2
84971S,1679,0.8573504273504273,2
84974,40,9.95,0
84975,5,1.69,0
84976,502,1.000344827586207,1
84978,10980,1.2280378657487092,2
84984A,19,4.65,0
84984B,17,4.65,0
84984D,13,4.65,0
84985A,42,1.45,0
84987,2928,1.4632644628099174,2
84988,3954,1.4692556634304208,2
84989A,28,0.55,0
84990,2,0.55,0
84991,17689,0.54821997105644,2
84992,13070,0.5559322033898306,2
84993A,305,0.42,1
84993B,57,0.42,0
84997A,2525,4.080854700854701,2
84997B,4035,4.044181818181818,2
84997C,3694,4.019773462783172,2
84997D,4922,4.085664335664336,2
85006,55,1.55,0
85008,12,4.457142857142857,0
85014A,1133,6.096186770428016,2
85014B,1846,6.092450980392157,2
85015,2130,1.0119130434782608,2
85016,522,1.7139999999999997,1
85017A,6,0.85,0
85017B,947,0.4998666666666667,2
85017C,50,0.635,0
85018D,12,2.55,0
85019A,409,1.7857142857142858,1
85019B,498,1.37,1
85019C,181,2.45,1
85020,78,2.1,0
85023B,104,2.5124999999999997,0
85024B,193,1.633333333333333,1
85024C,12,1.65,0
85025B,305,1.6409090909090909,1
85025C,308,1.6433333333333333,1
85026B,75,0.85,0
85027L,70,2.95,0
85028L,10,1.95,0
85028S,24,2.025,0
85030,15,1.95,0
85031A,16,3.892857142857143,0
85031B,1,4.95,0
85031C,3,4.95,0
85032A,738,0.7695876288659794,1
85032B,751,0.7579787234042553,1
85032C,597,0.7833333333333334,1
85032D,630,0.871186440677966,1
85034A,492,2.2505263157894735,1
85034B,884,2.071276595744681,1
85034C,1072,1.7832394366197184,2
85035A,263,3.367402597402598,1
85035B,558,2.6136363636363638,1
85035C,1105,2.1812280701754387,2
85036A,211,3.526774193548387,1
85036B,360,2.090222222222222,1
85036C,742,2.3057142857142856,1
85038,1018,2.141794871794872,2
85039A,445,1.6007142857142855,1
85039B,491,1.6151923076923076,1
85039C,222,1.3358333333333332,1
85040A,807,1.7106060606060605,1
85040B,135,1.65,0
85045,41,4.880000000000001,0
85047,3,6.35,0
85048,1266,7.769444444444445,2
85049A,2907,1.2920802919708028,2
85049B,54,1.25,0
85049C,1198,1.254811320754717,2
85049D,539,1.25,1
85049E,2747,1.2912968299711816,2
85049F,374,1.25,1
85049G,1580,1.2732377049180328,2
85049H,448,1.1948051948051948,1
85053,1549,2.132845528455285,2
85054,551,2.7884444444444445,1
85055,37,3.6700000000000004,0
85059,290,3.358875,1
85061W,1986,0.8559504132231405,2
85062,1380,1.6665925925925924,2
85064,205,5.381739130434783,1
85066,1705,12.648483516483518,2
85067,7,18.55,0
85071A,976,0.723804347826087,2
85071B,1256,0.6224545454545455,2
85071C,607,0.7483561643835616,1
85071D,362,0.6845454545454546,1
85078,1746,0.2989230769230769,2
85084,17,0.85,0
85086A,45,0.85,0
85087,40,2.9985714285714287,0
85088,188,2.2738095238095237,1
85089,14,2.9500000000000006,0
85092,27,2.3,0
85093,451,0.5947619047619048,1
85094,502,0.29258064516129034,1
85095,66,2.356,0
85096,20,3.75,0
85099B,46181,2.015877626699629,2
85099C,12793,2.0122306525037934,2
85099F,16807,2.0072138554216865,2
85103,91,6.3500000000000005,0
85104,196,3.084285714285714,1
85106,530,2.4639999999999995,1
85107,243,2.4313793103448273,1
85109,12,0.85,0
85111,1407,0.3077777777777777,2
85114A,585,1.630952380952381,1
85114B,394,1.6423076923076922,1
85114C,457,1.6436507936507936,1
85116,694,1.231578947368421,1
85118,142,1.105,1
85123A,36782,2.8931056511056514,2
85124B,82,2.55,0
85124C,84,2.55,0
85125,129,4.802631578947368,0
85127,80,4.95,0
85129B,101,1.389375,0
85129C,77,1.5525,0
85129D,166,1.492,1
85130A,77,1.65,0
85130B,816,0.9564,1
85130C,479,0.9428888888888889,1
85130D,552,1.1207692307692307,1
85131A,469,1.2092,1
85131B,142,0.8946153846153846,1
85131C,73,1.0036363636363637,0
85131D,115,1.005,0
85132A,455,2.873076923076923,1
85132B,513,2.75,1
85132C,1404,2.3279527559055118,2
85135A,15,7.95,0
85135B,47,7.95,0
85135C,78,7.95,0
85136A,51,7.95,0
85136B,2,7.95,0
85136C,35,7.95,0
85141,123,5.526190476190476,0
85144,222,3.877272727272727,1
85145,38,5.207142857142857,0
85146,43,3.6166666666666663,0
85150,3899,2.514065040650406,2
85152,8164,2.1021308724832215,2
85159A,451,1.9744444444444442,1
85159B,622,2.090677966101695,1
85160B,105,0.44375000000000003,0
85161,12,18.727777777777774,0
85163A,45,11.572222222222223,0
85163B,44,11.235714285714286,0
85167B,48,3.392857142857143,0
85168B,17,9.06142857142857,0
85169A,502,1.1691836734693877,1
85169B,201,1.1504,1
85169C,336,1.1833333333333333,1
85169D,232,1.1659090909090908,1
85170A,1,2.1,0
85170B,179,1.8282608695652176,1
85170C,252,1.9544827586206897,1
85170D,355,2.1970588235294115,1
85172,1328,0.42,2
85173,434,2.167,1
85174,497,5.033809523809524,1
85175,5217,0.4194656488549618,2
85176,626,0.9228,1
85177,775,0.8813953488372093,1
85178,2371,1.2703,2
85179A,119,2.9770588235294118,0
85179C,69,1.7357142857142858,0
85180A,434,3.0521052631578947,1
85180B,196,3.354761904761905,1
85183A,657,1.3283132530120483,1
85183B,977,1.4042056074766356,2
85184C,1523,2.5598571428571426,2
85185B,291,2.9382352941176473,1
85185D,15,2.95,0
85186A,525,0.42,1
85186C,413,0.42,1
85187,324,1.6433333333333333,1
85188A,302,0.85,1
85188B,75,0.85,0
85189,9,0.85,0
85194L,901,0.8477192982456141,1
85194S,1163,0.466,2
85195,11,2.1,0
85197,33,2.1,0
85198,86,0.815,0
85199L,925,0.6481538461538462,1
85199S,2234,0.44170588235294117,2
85200,183,1.25,1
85202,300,0.42,1
85203,570,0.4189090909090909,1
85204,1876,0.1868181818181818,2
85205B,116,2.55,0
85206A,916,1.6424528301886792,1
85206B,14,1.65,0
85208,161,2.0836,1
85211,142,1.2321052631578948,1
85212,2452,0.38753424657534247,2
85213,821,0.514,1
85214,103,1.6500000000000001,0
85215,163,0.65,1
85216,55,0.65,0
85224,3,2.1,0
85225,6,1.0833333333333333,0
85227,1322,0.8732075471698113,2
85230A,840,0.2633333333333333,1
85230B,1264,0.27736842105263154,2
85230E,1101,0.26666666666666666,2
85230F,338,0.27666666666666667,1
85230G,1032,0.2708,2
85231B,798,0.8898198198198198,1
85231G,573,0.8577611940298507,1
85232A,74,4.922000000000001,0
85232B,268,4.95,1
85232D,175,4.924074074074075,1
90000A,11,5.95,0
90000B,3,5.95,0
90000D,6,5.95,0
90001A,2,4.25,0
90001B,4,4.25,0
90001C,2,4.25,0
90001D,5,4.25,0
90002D,10,3.75,0
90003B,6,3.75,0
90003C,12,3.75,0
90003D,18,3.75,0
90003E,8,3.75,0
90010A,7,8.95,0
90010B,7,8.95,0
90010E,10,8.95,0
90011A,1,2.95,0
90011B,7,2.95,0
90012A,8,2.95,0
90012B,12,2.95,0
90013A,16,3.75,0
90013C,11,3.75,0
90014A,16,7.85,0
90014B,10,8.2,0
90014C,4,7.616666666666666,0
90016A,14,7.4375,0
90016B,9,8.5,0
90018A,17,4.25,0
90018B,8,4.25,0
90018C,6,4.25,0
90019A,18,4.95,0
90019B,2,4.95,0
90019C,4,4.95,0
90021,1,11.95,0
90022,8,3.75,0
90023,8,4.25,0
90024B,4,8.5,0
90024C,2,8.5,0
90024D,1,8.5,0
90024F,2,8.5,0
90025A,2,3.75,0
90025F,1,3.75,0
90026A,2,8.5,0
90026B,2,8.5,0
90026C,3,8.5,0
90026D,3,8.5,0
90027A,4,2.95,0
90027D,4,2.95,0
90028,2,8.5,0
90029,3,8.5,0
90030A,72,1.0,0
90030B,112,1.3299999999999998,0
90030C,74,1.0,0
90031,48,1.0,0
90032,19,5.73,0
90033,2,2.55,0
90035A,4,10.75,0
90035C,2,10.75,0
90036A,6,7.95,0
90036B,4,7.95,0
90036C,6,7.95,0
90036D,11,7.95,0
90036E,7,7.95,0
90036F,4,7.95,0
90037B,6,2.55,0
90038A,6,3.75,0
90038B,6,3.75,0
90038C,6,3.75,0
90039A,6,3.75,0
90039B,6,3.75,0
90039C,1,3.75,0
90039D,14,3.75,0
90040A,6,3.5,0
90040B,4,3.5,0
90040C,7,3.5,0
90041,2,3.5,0
90042A,3,2.55,0
90043,4,7.455,0
90046,3,4.95,0
90048,3,4.95,0
90049,5,8.290000000000001,0
90050,6,6.95,0
90051,6,6.95,0
90054,1,2.55,0
90055,1,2.55,0
90057,1008,1.3472727272727274,2
90058A,324,0.38,1
90058B,612,0.38,1
90059A,6,1.65,0
90059B,9,1.6499999999999997,0
90059C,8,1.6499999999999997,0
90059D,6,1.65,0
90059E,10,1.6499999999999997,0
90059F,9,1.6499999999999997,0
90060B,1,5.95,0
90060D,3,5.95,0
90062,20,12.75,0
90063A,11,8.5,0
90063B,8,8.5,0
90064A,7,3.75,0
90064B,11,3.75,0
90065A,8,6.75,0
90065B,1,6.75,0
90067A,10,2.9500000000000006,0
90069,2,7.5,0
90070,8,5.95,0
90071,1,1.25,0
90072,10,3.75,0
90073,13,4.95,0
90074,2,8.95,0
90076,6,2.55,0
90078,2,7.5,0
90079,5,4.95,0
90081A,15,4.95,0
90081C,11,4.95,0
90082A,21,6.35,0
90082B,27,6.349999999999999,0
90082D,8,6.35,0
90083,19,1.27,0
90084,1,0.85,0
90085,24,0.85,0
90086,85,1.2863636363636362,0
90087,90,1.1724999999999999,0
90089,25,0.19000000000000003,0
90093,47,0.89,0
90094,13,2.55,0
90096,8,2.55,0
90098,28,2.55,0
90099,20,2.55,0
90100,1,2.55,0
90101,15,2.55,0
90102,10,0.85,0
90103,8,2.55,0
90104,1,0.85,0
90108,64,1.05,0
90114,66,2.55,0
90116,16,1.6900000000000002,0
90118,6,2.55,0
90119,60,2.4768749999999997,0
90120B,20,4.25,0
90120C,31,4.25,0
90120D,2,4.25,0
90122A,8,4.95,0
90122B,1,4.95,0
90122C,17,4.95,0
90123A,14,5.95,0
90123B,8,5.95,0
90123C,13,5.95,0
90123D,3,5.95,0
90124A,6,9.95,0
90124B,4,9.95,0
90124C,7,9.95,0
90125A,109,1.0583333333333333,0
90125B,19,1.6833333333333336,0
90125C,73,1.2666666666666666,0
90125D,74,1.35,0
90125E,1,2.1,0
90128B,1,1.25,0
90129A,7,2.9500000000000006,0
90129B,21,2.9500000000000006,0
90129C,17,2.9500000000000006,0
90129D,8,2.95,0
90129E,6,2.95,0
90129F,16,2.95,0
90130A,1,2.95,0
90130B,9,2.9500000000000006,0
90131,4,6.95,0
90133,9,4.95,0
90135,6,4.95,0
90136,3,9.95,0
90138,4,4.95,0
90141A,4,4.95,0
90141B,6,4.95,0
90141C,4,4.95,0
90141D,3,4.95,0
90141E,3,4.95,0
90142D,9,4.95,0
90143,19,7.5,0
90144,7,3.75,0
90145,21,5.95,0
90146,13,6.25,0
90147,21,9.95,0
90148,8,12.75,0
90149,52,7.12,0
90151,8,8.5,0
90152A,3,5.95,0
90152B,1,5.95,0
90152C,1,5.95,0
90154,57,8.61,0
90155,6,7.5,0
90156,3,4.95,0
90157,7,4.95,0
90158,14,4.95,0
90159,3,4.95,0
90160A,31,6.95,0
90160B,21,6.95,0
90160C,41,6.95,0
90160D,32,6.95,0
90161A,9,4.95,0
90161B,45,4.95,0
90161C,45,4.95,0
90161D,31,4.95,0
90162A,6,2.95,0
90162B,27,2.95,0
90162C,14,2.95,0
90162D,10,2.95,0
90163A,4,7.5,0
90163B,2,7.5,0
90164A,19,4.7250000000000005,0
90164B,28,2.742857142857143,0
90165B,1,2.55,0
90166,14,4.1875,0
90167,10,0.85,0
90168,6,2.95,0
90169,6,2.55,0
90170,46,1.6499999999999997,0
90173,16,3.75,0
90174,16,2.55,0
90175A,9,8.95,0
90175C,9,8.95,0
90175D,3,8.95,0
90176A,2,7.5,0
90176B,2,7.5,0
90176C,2,7.5,0
90176D,7,7.5,0
90176E,3,7.5,0
90177A,6,2.95,0
90177B,7,2.95,0
90177C,13,2.9500000000000006,0
90177D,17,2.9500000000000006,0
90177E,6,2.95,0
90178A,6,11.949999999999998,0
90178B,1,11.95,0
90179A,3,5.95,0
90179C,1,5.95,0
90180A,13,8.55,0
90180B,3,9.95,0
90181A,1,8.95,0
90182C,6,2.95,0
90183A,20,2.95,0
90183C,1,2.95,0
90184A,8,8.95,0
90184B,21,8.95,0
90184C,11,8.95,0
90185A,22,4.25,0
90185B,13,4.25,0
90185C,21,4.25,0
90185D,32,4.25,0
90186A,5,2.95,0
90186B,12,2.9500000000000006,0
90187B,4,3.35,0
90188,3,2.55,0
90189A,2,7.5,0
90190A,6,2.95,0
90190B,6,2.95,0
90190C,5,2.95,0
90191,22,8.55,0
90192,23,4.95,0
90194,12,4.25,0
90195A,16,6.378571428571428,0
90195B,3,6.949999999999999,0
90196A,8,12.75,0
90196B,4,12.75,0
90197B,3,4.95,0
90198A,34,4.25,0
90198B,30,4.25,0
90199A,8,6.349999999999999,0
90199B,2,6.35,0
90199C,17,6.35,0
90199D,2,6.35,0
90200A,41,4.25,0
90200B,67,4.25,0
90200C,20,4.25,0
90200D,99,4.23,0
90200E,76,4.222222222222222,0
90201A,47,2.95,0
90201B,64,2.95,0
90201C,52,2.9500000000000006,0
90201D,46,2.95,0
90202A,6,2.95,0
90202B,7,2.95,0
90202C,7,2.95,0
90202D,12,2.95,0
90204,17,3.35,0
90205A,16,1.6499999999999997,0
90205C,6,1.6499999999999997,0
90206A,6,4.95,0
90206C,13,4.95,0
90208,10,2.55,0
90209A,84,2.0125,0
90209B,105,2.0461538461538464,0
90209C,231,2.0125,1
90210A,26,1.8166666666666667,0
90210B,40,2.016666666666667,0
90210C,94,1.49,0
90210D,104,1.15,0
90211A,5,5.95,0
90211B,4,5.95,0
90212B,3,3.75,0
90212C,6,3.75,0
90214A,63,1.1128571428571428,0
90214B,13,0.77,0
90214C,52,0.8233333333333334,0
90214D,39,0.9757142857142858,0
90214E,41,0.89,0
90214F,13,0.29,0
90214G,34,0.8385714285714286,0
90214H,22,0.93,0
90214I,25,0.61,0
90214J,23,1.058,0
90214K,47,1.01,0
90214L,51,0.866,0
90214M,27,1.058,0
90214N,18,0.866,0
90214O,12,0.29,0
90214P,28,0.77,0
90214R,15,0.77,0
90214S,40,0.77,0
90214T,12,0.29,0
90214U,12,0.29,0
90214V,14,0.93,0
90214W,12,0.29,0
90214Y,61,0.61,0
90214Z,12,0.29,0
BANK CHARGES,12,13.750083333333334,0
C2,134,50.13533834586466,0
DOT,16,744.1475,0
M,7173,175.29158450704224,2
PADS,3,0.001,0
POST,3120,31.570482256596904,2
